[     357ms] Error: Cannot find module './compositions/CinematicIntro'
    at webpackMissingModule (http://localhost:3000/bundle.js:329:50)
    at ./src/compositions/SwarmAICinematic.tsx (http://localhost:3000/bundle.js:329:154)
    at options.factory (http://localhost:3000/bundle.js:243652:31)
    at __webpack_require__ (http://localhost:3000/bundle.js:243015:33)
    at fn (http://localhost:3000/bundle.js:243279:21)
    at ./src/Root.tsx (http://localhost:3000/bundle.js:268:88)
    at options.factory (http://localhost:3000/bundle.js:243652:31)
    at __webpack_require__ (http://localhost:3000/bundle.js:243015:33)
    at http://localhost:3000/bundle.js:244267:11
    at http://localhost:3000/bundle.js:244271:12
[ 2981181ms] [INFO] %cDownload the React DevTools for a better development experience: https://react.dev/link/react-devtools font-weight:bold @ http://localhost:3000/bundle.js:37301
[ 2982738ms] [ERROR] Failed to load resource: net::ERR_INCOMPLETE_CHUNKED_ENCODING @ http://localhost:60632/lazy-compilation-using-javascript/esm%7C/Users/soumyachakraborty/Documents/Swarm-Code/swarm-video/node_modules/zod/index.js@javascript/esm%7C/Users/soumyachakraborty/Documents/Swarm-Code/swarm-video/node_modules/zod/v3/index.js@javascript/esm%7C/Users/soumyachakraborty/Documents/Swarm-Code/swarm-video/node_modules/_remotion/zod-types/dist/esm/index.mjs:0
[ 2982745ms] [ERROR] Failed to load resource: net::ERR_EMPTY_RESPONSE @ http://localhost:3000/api/update-available:0
[ 2982748ms] [ERROR] Failed to load resource: net::ERR_EMPTY_RESPONSE @ http://localhost:3000/api/default-editor-info:0
[ 2982753ms] [ERROR] Failed to load resource: net::ERR_INCOMPLETE_CHUNKED_ENCODING @ http://localhost:3000/events:0
[ 2982753ms] [ERROR] Failed to load resource: net::ERR_CONNECTION_REFUSED @ http://localhost:3000/favicon.ico:0
[ 2982753ms] [ERROR] Failed to load resource: net::ERR_CONNECTION_REFUSED @ http://localhost:3000/api/default-coding-agent-info:0
[ 2983758ms] [ERROR] Failed to load resource: net::ERR_CONNECTION_REFUSED @ http://localhost:3000/events:0
[ 2985742ms] [ERROR] Failed to load resource: net::ERR_CONNECTION_REFUSED @ http://localhost:60632/lazy-compilation-using-javascript/esm%7C/Users/soumyachakraborty/Documents/Swarm-Code/swarm-video/node_modules/zod/index.js@javascript/esm%7C/Users/soumyachakraborty/Documents/Swarm-Code/swarm-video/node_modules/zod/v3/index.js@javascript/esm%7C/Users/soumyachakraborty/Documents/Swarm-Code/swarm-video/node_modules/_remotion/zod-types/dist/esm/index.mjs:0
[ 2986763ms] [ERROR] Failed to load resource: net::ERR_CONNECTION_REFUSED @ http://localhost:3000/events:0
[ 2988746ms] [ERROR] Failed to load resource: net::ERR_CONNECTION_REFUSED @ http://localhost:60632/lazy-compilation-using-javascript/esm%7C/Users/soumyachakraborty/Documents/Swarm-Code/swarm-video/node_modules/zod/index.js@javascript/esm%7C/Users/soumyachakraborty/Documents/Swarm-Code/swarm-video/node_modules/zod/v3/index.js@javascript/esm%7C/Users/soumyachakraborty/Documents/Swarm-Code/swarm-video/node_modules/_remotion/zod-types/dist/esm/index.mjs:0
[ 2989766ms] [ERROR] Failed to load resource: net::ERR_CONNECTION_REFUSED @ http://localhost:3000/events:0
[ 2991749ms] [ERROR] Failed to load resource: net::ERR_CONNECTION_REFUSED @ http://localhost:60632/lazy-compilation-using-javascript/esm%7C/Users/soumyachakraborty/Documents/Swarm-Code/swarm-video/node_modules/zod/index.js@javascript/esm%7C/Users/soumyachakraborty/Documents/Swarm-Code/swarm-video/node_modules/zod/v3/index.js@javascript/esm%7C/Users/soumyachakraborty/Documents/Swarm-Code/swarm-video/node_modules/_remotion/zod-types/dist/esm/index.mjs:0
[ 2992769ms] [ERROR] Failed to load resource: net::ERR_CONNECTION_REFUSED @ http://localhost:3000/events:0
[ 2994752ms] [ERROR] Failed to load resource: net::ERR_CONNECTION_REFUSED @ http://localhost:60632/lazy-compilation-using-javascript/esm%7C/Users/soumyachakraborty/Documents/Swarm-Code/swarm-video/node_modules/zod/index.js@javascript/esm%7C/Users/soumyachakraborty/Documents/Swarm-Code/swarm-video/node_modules/zod/v3/index.js@javascript/esm%7C/Users/soumyachakraborty/Documents/Swarm-Code/swarm-video/node_modules/_remotion/zod-types/dist/esm/index.mjs:0
[ 2995772ms] [ERROR] Failed to load resource: net::ERR_CONNECTION_REFUSED @ http://localhost:3000/events:0
[ 2997756ms] [ERROR] Failed to load resource: net::ERR_CONNECTION_REFUSED @ http://localhost:60632/lazy-compilation-using-javascript/esm%7C/Users/soumyachakraborty/Documents/Swarm-Code/swarm-video/node_modules/zod/index.js@javascript/esm%7C/Users/soumyachakraborty/Documents/Swarm-Code/swarm-video/node_modules/zod/v3/index.js@javascript/esm%7C/Users/soumyachakraborty/Documents/Swarm-Code/swarm-video/node_modules/_remotion/zod-types/dist/esm/index.mjs:0
[ 2998774ms] [ERROR] Failed to load resource: net::ERR_CONNECTION_REFUSED @ http://localhost:3000/events:0
[ 3000760ms] [ERROR] Failed to load resource: net::ERR_CONNECTION_REFUSED @ http://localhost:60632/lazy-compilation-using-javascript/esm%7C/Users/soumyachakraborty/Documents/Swarm-Code/swarm-video/node_modules/zod/index.js@javascript/esm%7C/Users/soumyachakraborty/Documents/Swarm-Code/swarm-video/node_modules/zod/v3/index.js@javascript/esm%7C/Users/soumyachakraborty/Documents/Swarm-Code/swarm-video/node_modules/_remotion/zod-types/dist/esm/index.mjs:0
[ 3001778ms] [ERROR] Failed to load resource: net::ERR_CONNECTION_REFUSED @ http://localhost:3000/events:0
[ 3003764ms] [ERROR] Failed to load resource: net::ERR_CONNECTION_REFUSED @ http://localhost:60632/lazy-compilation-using-javascript/esm%7C/Users/soumyachakraborty/Documents/Swarm-Code/swarm-video/node_modules/zod/index.js@javascript/esm%7C/Users/soumyachakraborty/Documents/Swarm-Code/swarm-video/node_modules/zod/v3/index.js@javascript/esm%7C/Users/soumyachakraborty/Documents/Swarm-Code/swarm-video/node_modules/_remotion/zod-types/dist/esm/index.mjs:0
[ 3004781ms] [ERROR] Failed to load resource: net::ERR_CONNECTION_REFUSED @ http://localhost:3000/events:0
[ 3006766ms] [ERROR] Failed to load resource: net::ERR_CONNECTION_REFUSED @ http://localhost:60632/lazy-compilation-using-javascript/esm%7C/Users/soumyachakraborty/Documents/Swarm-Code/swarm-video/node_modules/zod/index.js@javascript/esm%7C/Users/soumyachakraborty/Documents/Swarm-Code/swarm-video/node_modules/zod/v3/index.js@javascript/esm%7C/Users/soumyachakraborty/Documents/Swarm-Code/swarm-video/node_modules/_remotion/zod-types/dist/esm/index.mjs:0
[ 3007785ms] [ERROR] Failed to load resource: net::ERR_CONNECTION_REFUSED @ http://localhost:3000/events:0
[ 3009769ms] [ERROR] Failed to load resource: net::ERR_CONNECTION_REFUSED @ http://localhost:60632/lazy-compilation-using-javascript/esm%7C/Users/soumyachakraborty/Documents/Swarm-Code/swarm-video/node_modules/zod/index.js@javascript/esm%7C/Users/soumyachakraborty/Documents/Swarm-Code/swarm-video/node_modules/zod/v3/index.js@javascript/esm%7C/Users/soumyachakraborty/Documents/Swarm-Code/swarm-video/node_modules/_remotion/zod-types/dist/esm/index.mjs:0
[ 3010788ms] [ERROR] Failed to load resource: net::ERR_CONNECTION_REFUSED @ http://localhost:3000/events:0
[ 3012773ms] [ERROR] Failed to load resource: net::ERR_CONNECTION_REFUSED @ http://localhost:60632/lazy-compilation-using-javascript/esm%7C/Users/soumyachakraborty/Documents/Swarm-Code/swarm-video/node_modules/zod/index.js@javascript/esm%7C/Users/soumyachakraborty/Documents/Swarm-Code/swarm-video/node_modules/zod/v3/index.js@javascript/esm%7C/Users/soumyachakraborty/Documents/Swarm-Code/swarm-video/node_modules/_remotion/zod-types/dist/esm/index.mjs:0
[ 3013790ms] [ERROR] Failed to load resource: net::ERR_CONNECTION_REFUSED @ http://localhost:3000/events:0
[ 3015776ms] [ERROR] Failed to load resource: net::ERR_CONNECTION_REFUSED @ http://localhost:60632/lazy-compilation-using-javascript/esm%7C/Users/soumyachakraborty/Documents/Swarm-Code/swarm-video/node_modules/zod/index.js@javascript/esm%7C/Users/soumyachakraborty/Documents/Swarm-Code/swarm-video/node_modules/zod/v3/index.js@javascript/esm%7C/Users/soumyachakraborty/Documents/Swarm-Code/swarm-video/node_modules/_remotion/zod-types/dist/esm/index.mjs:0
[ 3016794ms] [ERROR] Failed to load resource: net::ERR_CONNECTION_REFUSED @ http://localhost:3000/events:0
[ 3018780ms] [ERROR] Failed to load resource: net::ERR_CONNECTION_REFUSED @ http://localhost:60632/lazy-compilation-using-javascript/esm%7C/Users/soumyachakraborty/Documents/Swarm-Code/swarm-video/node_modules/zod/index.js@javascript/esm%7C/Users/soumyachakraborty/Documents/Swarm-Code/swarm-video/node_modules/zod/v3/index.js@javascript/esm%7C/Users/soumyachakraborty/Documents/Swarm-Code/swarm-video/node_modules/_remotion/zod-types/dist/esm/index.mjs:0
[ 3019797ms] [ERROR] Failed to load resource: net::ERR_CONNECTION_REFUSED @ http://localhost:3000/events:0
[ 3021783ms] [ERROR] Failed to load resource: net::ERR_CONNECTION_REFUSED @ http://localhost:60632/lazy-compilation-using-javascript/esm%7C/Users/soumyachakraborty/Documents/Swarm-Code/swarm-video/node_modules/zod/index.js@javascript/esm%7C/Users/soumyachakraborty/Documents/Swarm-Code/swarm-video/node_modules/zod/v3/index.js@javascript/esm%7C/Users/soumyachakraborty/Documents/Swarm-Code/swarm-video/node_modules/_remotion/zod-types/dist/esm/index.mjs:0
[ 3022800ms] [ERROR] Failed to load resource: net::ERR_CONNECTION_REFUSED @ http://localhost:3000/events:0
[ 3024786ms] [ERROR] Failed to load resource: net::ERR_CONNECTION_REFUSED @ http://localhost:60632/lazy-compilation-using-javascript/esm%7C/Users/soumyachakraborty/Documents/Swarm-Code/swarm-video/node_modules/zod/index.js@javascript/esm%7C/Users/soumyachakraborty/Documents/Swarm-Code/swarm-video/node_modules/zod/v3/index.js@javascript/esm%7C/Users/soumyachakraborty/Documents/Swarm-Code/swarm-video/node_modules/_remotion/zod-types/dist/esm/index.mjs:0
[ 3025802ms] [ERROR] Failed to load resource: net::ERR_CONNECTION_REFUSED @ http://localhost:3000/events:0
[ 3027789ms] [ERROR] Failed to load resource: net::ERR_CONNECTION_REFUSED @ http://localhost:60632/lazy-compilation-using-javascript/esm%7C/Users/soumyachakraborty/Documents/Swarm-Code/swarm-video/node_modules/zod/index.js@javascript/esm%7C/Users/soumyachakraborty/Documents/Swarm-Code/swarm-video/node_modules/zod/v3/index.js@javascript/esm%7C/Users/soumyachakraborty/Documents/Swarm-Code/swarm-video/node_modules/_remotion/zod-types/dist/esm/index.mjs:0
[ 3028805ms] [ERROR] Failed to load resource: net::ERR_CONNECTION_REFUSED @ http://localhost:3000/events:0
[ 3030793ms] [ERROR] Failed to load resource: net::ERR_CONNECTION_REFUSED @ http://localhost:60632/lazy-compilation-using-javascript/esm%7C/Users/soumyachakraborty/Documents/Swarm-Code/swarm-video/node_modules/zod/index.js@javascript/esm%7C/Users/soumyachakraborty/Documents/Swarm-Code/swarm-video/node_modules/zod/v3/index.js@javascript/esm%7C/Users/soumyachakraborty/Documents/Swarm-Code/swarm-video/node_modules/_remotion/zod-types/dist/esm/index.mjs:0
[ 3031809ms] [ERROR] Failed to load resource: net::ERR_CONNECTION_REFUSED @ http://localhost:3000/events:0
[ 3033796ms] [ERROR] Failed to load resource: net::ERR_CONNECTION_REFUSED @ http://localhost:60632/lazy-compilation-using-javascript/esm%7C/Users/soumyachakraborty/Documents/Swarm-Code/swarm-video/node_modules/zod/index.js@javascript/esm%7C/Users/soumyachakraborty/Documents/Swarm-Code/swarm-video/node_modules/zod/v3/index.js@javascript/esm%7C/Users/soumyachakraborty/Documents/Swarm-Code/swarm-video/node_modules/_remotion/zod-types/dist/esm/index.mjs:0
[ 3034812ms] [ERROR] Failed to load resource: net::ERR_CONNECTION_REFUSED @ http://localhost:3000/events:0
[ 3036798ms] [ERROR] Failed to load resource: net::ERR_CONNECTION_REFUSED @ http://localhost:60632/lazy-compilation-using-javascript/esm%7C/Users/soumyachakraborty/Documents/Swarm-Code/swarm-video/node_modules/zod/index.js@javascript/esm%7C/Users/soumyachakraborty/Documents/Swarm-Code/swarm-video/node_modules/zod/v3/index.js@javascript/esm%7C/Users/soumyachakraborty/Documents/Swarm-Code/swarm-video/node_modules/_remotion/zod-types/dist/esm/index.mjs:0
[ 3037814ms] [ERROR] Failed to load resource: net::ERR_CONNECTION_REFUSED @ http://localhost:3000/events:0
[ 3039800ms] [ERROR] Failed to load resource: net::ERR_CONNECTION_REFUSED @ http://localhost:60632/lazy-compilation-using-javascript/esm%7C/Users/soumyachakraborty/Documents/Swarm-Code/swarm-video/node_modules/zod/index.js@javascript/esm%7C/Users/soumyachakraborty/Documents/Swarm-Code/swarm-video/node_modules/zod/v3/index.js@javascript/esm%7C/Users/soumyachakraborty/Documents/Swarm-Code/swarm-video/node_modules/_remotion/zod-types/dist/esm/index.mjs:0
[ 3040817ms] [ERROR] Failed to load resource: net::ERR_CONNECTION_REFUSED @ http://localhost:3000/events:0
[ 3042803ms] [ERROR] Failed to load resource: net::ERR_CONNECTION_REFUSED @ http://localhost:60632/lazy-compilation-using-javascript/esm%7C/Users/soumyachakraborty/Documents/Swarm-Code/swarm-video/node_modules/zod/index.js@javascript/esm%7C/Users/soumyachakraborty/Documents/Swarm-Code/swarm-video/node_modules/zod/v3/index.js@javascript/esm%7C/Users/soumyachakraborty/Documents/Swarm-Code/swarm-video/node_modules/_remotion/zod-types/dist/esm/index.mjs:0
[ 3043818ms] [ERROR] Failed to load resource: net::ERR_CONNECTION_REFUSED @ http://localhost:3000/events:0
[ 3045806ms] [ERROR] Failed to load resource: net::ERR_CONNECTION_REFUSED @ http://localhost:60632/lazy-compilation-using-javascript/esm%7C/Users/soumyachakraborty/Documents/Swarm-Code/swarm-video/node_modules/zod/index.js@javascript/esm%7C/Users/soumyachakraborty/Documents/Swarm-Code/swarm-video/node_modules/zod/v3/index.js@javascript/esm%7C/Users/soumyachakraborty/Documents/Swarm-Code/swarm-video/node_modules/_remotion/zod-types/dist/esm/index.mjs:0
[ 3046821ms] [ERROR] Failed to load resource: net::ERR_CONNECTION_REFUSED @ http://localhost:3000/events:0
[ 3048809ms] [ERROR] Failed to load resource: net::ERR_CONNECTION_REFUSED @ http://localhost:60632/lazy-compilation-using-javascript/esm%7C/Users/soumyachakraborty/Documents/Swarm-Code/swarm-video/node_modules/zod/index.js@javascript/esm%7C/Users/soumyachakraborty/Documents/Swarm-Code/swarm-video/node_modules/zod/v3/index.js@javascript/esm%7C/Users/soumyachakraborty/Documents/Swarm-Code/swarm-video/node_modules/_remotion/zod-types/dist/esm/index.mjs:0
[ 3049825ms] [ERROR] Failed to load resource: net::ERR_CONNECTION_REFUSED @ http://localhost:3000/events:0
[ 3051812ms] [ERROR] Failed to load resource: net::ERR_CONNECTION_REFUSED @ http://localhost:60632/lazy-compilation-using-javascript/esm%7C/Users/soumyachakraborty/Documents/Swarm-Code/swarm-video/node_modules/zod/index.js@javascript/esm%7C/Users/soumyachakraborty/Documents/Swarm-Code/swarm-video/node_modules/zod/v3/index.js@javascript/esm%7C/Users/soumyachakraborty/Documents/Swarm-Code/swarm-video/node_modules/_remotion/zod-types/dist/esm/index.mjs:0
[ 3052828ms] [ERROR] Failed to load resource: net::ERR_CONNECTION_REFUSED @ http://localhost:3000/events:0
[ 3054818ms] [ERROR] Failed to load resource: net::ERR_CONNECTION_REFUSED @ http://localhost:60632/lazy-compilation-using-javascript/esm%7C/Users/soumyachakraborty/Documents/Swarm-Code/swarm-video/node_modules/zod/index.js@javascript/esm%7C/Users/soumyachakraborty/Documents/Swarm-Code/swarm-video/node_modules/zod/v3/index.js@javascript/esm%7C/Users/soumyachakraborty/Documents/Swarm-Code/swarm-video/node_modules/_remotion/zod-types/dist/esm/index.mjs:0
[ 3055830ms] [ERROR] Failed to load resource: net::ERR_CONNECTION_REFUSED @ http://localhost:3000/events:0
[ 3057821ms] [ERROR] Failed to load resource: net::ERR_CONNECTION_REFUSED @ http://localhost:60632/lazy-compilation-using-javascript/esm%7C/Users/soumyachakraborty/Documents/Swarm-Code/swarm-video/node_modules/zod/index.js@javascript/esm%7C/Users/soumyachakraborty/Documents/Swarm-Code/swarm-video/node_modules/zod/v3/index.js@javascript/esm%7C/Users/soumyachakraborty/Documents/Swarm-Code/swarm-video/node_modules/_remotion/zod-types/dist/esm/index.mjs:0
[ 3058834ms] [ERROR] Failed to load resource: net::ERR_CONNECTION_REFUSED @ http://localhost:3000/events:0
[ 3060824ms] [ERROR] Failed to load resource: net::ERR_CONNECTION_REFUSED @ http://localhost:60632/lazy-compilation-using-javascript/esm%7C/Users/soumyachakraborty/Documents/Swarm-Code/swarm-video/node_modules/zod/index.js@javascript/esm%7C/Users/soumyachakraborty/Documents/Swarm-Code/swarm-video/node_modules/zod/v3/index.js@javascript/esm%7C/Users/soumyachakraborty/Documents/Swarm-Code/swarm-video/node_modules/_remotion/zod-types/dist/esm/index.mjs:0
[ 3061837ms] [ERROR] Failed to load resource: net::ERR_CONNECTION_REFUSED @ http://localhost:3000/events:0
[ 3063829ms] [ERROR] Failed to load resource: net::ERR_CONNECTION_REFUSED @ http://localhost:60632/lazy-compilation-using-javascript/esm%7C/Users/soumyachakraborty/Documents/Swarm-Code/swarm-video/node_modules/zod/index.js@javascript/esm%7C/Users/soumyachakraborty/Documents/Swarm-Code/swarm-video/node_modules/zod/v3/index.js@javascript/esm%7C/Users/soumyachakraborty/Documents/Swarm-Code/swarm-video/node_modules/_remotion/zod-types/dist/esm/index.mjs:0
[ 3064840ms] [ERROR] Failed to load resource: net::ERR_CONNECTION_REFUSED @ http://localhost:3000/events:0
[ 3066831ms] [ERROR] Failed to load resource: net::ERR_CONNECTION_REFUSED @ http://localhost:60632/lazy-compilation-using-javascript/esm%7C/Users/soumyachakraborty/Documents/Swarm-Code/swarm-video/node_modules/zod/index.js@javascript/esm%7C/Users/soumyachakraborty/Documents/Swarm-Code/swarm-video/node_modules/zod/v3/index.js@javascript/esm%7C/Users/soumyachakraborty/Documents/Swarm-Code/swarm-video/node_modules/_remotion/zod-types/dist/esm/index.mjs:0
[ 3067844ms] [ERROR] Failed to load resource: net::ERR_CONNECTION_REFUSED @ http://localhost:3000/events:0
[ 3069834ms] [ERROR] Failed to load resource: net::ERR_CONNECTION_REFUSED @ http://localhost:60632/lazy-compilation-using-javascript/esm%7C/Users/soumyachakraborty/Documents/Swarm-Code/swarm-video/node_modules/zod/index.js@javascript/esm%7C/Users/soumyachakraborty/Documents/Swarm-Code/swarm-video/node_modules/zod/v3/index.js@javascript/esm%7C/Users/soumyachakraborty/Documents/Swarm-Code/swarm-video/node_modules/_remotion/zod-types/dist/esm/index.mjs:0
[ 3070847ms] [ERROR] Failed to load resource: net::ERR_CONNECTION_REFUSED @ http://localhost:3000/events:0
[ 3072837ms] [ERROR] Failed to load resource: net::ERR_CONNECTION_REFUSED @ http://localhost:60632/lazy-compilation-using-javascript/esm%7C/Users/soumyachakraborty/Documents/Swarm-Code/swarm-video/node_modules/zod/index.js@javascript/esm%7C/Users/soumyachakraborty/Documents/Swarm-Code/swarm-video/node_modules/zod/v3/index.js@javascript/esm%7C/Users/soumyachakraborty/Documents/Swarm-Code/swarm-video/node_modules/_remotion/zod-types/dist/esm/index.mjs:0
[ 3073849ms] [ERROR] Failed to load resource: net::ERR_CONNECTION_REFUSED @ http://localhost:3000/events:0
[ 3075843ms] [ERROR] Failed to load resource: net::ERR_CONNECTION_REFUSED @ http://localhost:60632/lazy-compilation-using-javascript/esm%7C/Users/soumyachakraborty/Documents/Swarm-Code/swarm-video/node_modules/zod/index.js@javascript/esm%7C/Users/soumyachakraborty/Documents/Swarm-Code/swarm-video/node_modules/zod/v3/index.js@javascript/esm%7C/Users/soumyachakraborty/Documents/Swarm-Code/swarm-video/node_modules/_remotion/zod-types/dist/esm/index.mjs:0
[ 3076851ms] [ERROR] Failed to load resource: net::ERR_CONNECTION_REFUSED @ http://localhost:3000/events:0
[ 3078846ms] [ERROR] Failed to load resource: net::ERR_CONNECTION_REFUSED @ http://localhost:60632/lazy-compilation-using-javascript/esm%7C/Users/soumyachakraborty/Documents/Swarm-Code/swarm-video/node_modules/zod/index.js@javascript/esm%7C/Users/soumyachakraborty/Documents/Swarm-Code/swarm-video/node_modules/zod/v3/index.js@javascript/esm%7C/Users/soumyachakraborty/Documents/Swarm-Code/swarm-video/node_modules/_remotion/zod-types/dist/esm/index.mjs:0
[ 3079853ms] [ERROR] Failed to load resource: net::ERR_CONNECTION_REFUSED @ http://localhost:3000/events:0
[ 3081850ms] [ERROR] Failed to load resource: net::ERR_CONNECTION_REFUSED @ http://localhost:60632/lazy-compilation-using-javascript/esm%7C/Users/soumyachakraborty/Documents/Swarm-Code/swarm-video/node_modules/zod/index.js@javascript/esm%7C/Users/soumyachakraborty/Documents/Swarm-Code/swarm-video/node_modules/zod/v3/index.js@javascript/esm%7C/Users/soumyachakraborty/Documents/Swarm-Code/swarm-video/node_modules/_remotion/zod-types/dist/esm/index.mjs:0
[ 3082857ms] [ERROR] Failed to load resource: net::ERR_CONNECTION_REFUSED @ http://localhost:3000/events:0
[ 3084852ms] [ERROR] Failed to load resource: net::ERR_CONNECTION_REFUSED @ http://localhost:60632/lazy-compilation-using-javascript/esm%7C/Users/soumyachakraborty/Documents/Swarm-Code/swarm-video/node_modules/zod/index.js@javascript/esm%7C/Users/soumyachakraborty/Documents/Swarm-Code/swarm-video/node_modules/zod/v3/index.js@javascript/esm%7C/Users/soumyachakraborty/Documents/Swarm-Code/swarm-video/node_modules/_remotion/zod-types/dist/esm/index.mjs:0
[ 3085860ms] [ERROR] Failed to load resource: net::ERR_CONNECTION_REFUSED @ http://localhost:3000/events:0
[ 3087856ms] [ERROR] Failed to load resource: net::ERR_CONNECTION_REFUSED @ http://localhost:60632/lazy-compilation-using-javascript/esm%7C/Users/soumyachakraborty/Documents/Swarm-Code/swarm-video/node_modules/zod/index.js@javascript/esm%7C/Users/soumyachakraborty/Documents/Swarm-Code/swarm-video/node_modules/zod/v3/index.js@javascript/esm%7C/Users/soumyachakraborty/Documents/Swarm-Code/swarm-video/node_modules/_remotion/zod-types/dist/esm/index.mjs:0
[ 3088863ms] [ERROR] Failed to load resource: net::ERR_CONNECTION_REFUSED @ http://localhost:3000/events:0
[ 3090859ms] [ERROR] Failed to load resource: net::ERR_CONNECTION_REFUSED @ http://localhost:60632/lazy-compilation-using-javascript/esm%7C/Users/soumyachakraborty/Documents/Swarm-Code/swarm-video/node_modules/zod/index.js@javascript/esm%7C/Users/soumyachakraborty/Documents/Swarm-Code/swarm-video/node_modules/zod/v3/index.js@javascript/esm%7C/Users/soumyachakraborty/Documents/Swarm-Code/swarm-video/node_modules/_remotion/zod-types/dist/esm/index.mjs:0
[ 3091866ms] [ERROR] Failed to load resource: net::ERR_CONNECTION_REFUSED @ http://localhost:3000/events:0
[ 3093862ms] [ERROR] Failed to load resource: net::ERR_CONNECTION_REFUSED @ http://localhost:60632/lazy-compilation-using-javascript/esm%7C/Users/soumyachakraborty/Documents/Swarm-Code/swarm-video/node_modules/zod/index.js@javascript/esm%7C/Users/soumyachakraborty/Documents/Swarm-Code/swarm-video/node_modules/zod/v3/index.js@javascript/esm%7C/Users/soumyachakraborty/Documents/Swarm-Code/swarm-video/node_modules/_remotion/zod-types/dist/esm/index.mjs:0
[ 3094870ms] [ERROR] Failed to load resource: net::ERR_CONNECTION_REFUSED @ http://localhost:3000/events:0
[ 3096864ms] [ERROR] Failed to load resource: net::ERR_CONNECTION_REFUSED @ http://localhost:60632/lazy-compilation-using-javascript/esm%7C/Users/soumyachakraborty/Documents/Swarm-Code/swarm-video/node_modules/zod/index.js@javascript/esm%7C/Users/soumyachakraborty/Documents/Swarm-Code/swarm-video/node_modules/zod/v3/index.js@javascript/esm%7C/Users/soumyachakraborty/Documents/Swarm-Code/swarm-video/node_modules/_remotion/zod-types/dist/esm/index.mjs:0
[ 3097873ms] [ERROR] Failed to load resource: net::ERR_CONNECTION_REFUSED @ http://localhost:3000/events:0
[ 3099866ms] [ERROR] Failed to load resource: net::ERR_CONNECTION_REFUSED @ http://localhost:60632/lazy-compilation-using-javascript/esm%7C/Users/soumyachakraborty/Documents/Swarm-Code/swarm-video/node_modules/zod/index.js@javascript/esm%7C/Users/soumyachakraborty/Documents/Swarm-Code/swarm-video/node_modules/zod/v3/index.js@javascript/esm%7C/Users/soumyachakraborty/Documents/Swarm-Code/swarm-video/node_modules/_remotion/zod-types/dist/esm/index.mjs:0
[ 3100876ms] [ERROR] Failed to load resource: net::ERR_CONNECTION_REFUSED @ http://localhost:3000/events:0
[ 3102871ms] [ERROR] Failed to load resource: net::ERR_CONNECTION_REFUSED @ http://localhost:60632/lazy-compilation-using-javascript/esm%7C/Users/soumyachakraborty/Documents/Swarm-Code/swarm-video/node_modules/zod/index.js@javascript/esm%7C/Users/soumyachakraborty/Documents/Swarm-Code/swarm-video/node_modules/zod/v3/index.js@javascript/esm%7C/Users/soumyachakraborty/Documents/Swarm-Code/swarm-video/node_modules/_remotion/zod-types/dist/esm/index.mjs:0
[ 3103879ms] [ERROR] Failed to load resource: net::ERR_CONNECTION_REFUSED @ http://localhost:3000/events:0
[ 3105875ms] [ERROR] Failed to load resource: net::ERR_CONNECTION_REFUSED @ http://localhost:60632/lazy-compilation-using-javascript/esm%7C/Users/soumyachakraborty/Documents/Swarm-Code/swarm-video/node_modules/zod/index.js@javascript/esm%7C/Users/soumyachakraborty/Documents/Swarm-Code/swarm-video/node_modules/zod/v3/index.js@javascript/esm%7C/Users/soumyachakraborty/Documents/Swarm-Code/swarm-video/node_modules/_remotion/zod-types/dist/esm/index.mjs:0
[ 3106881ms] [ERROR] Failed to load resource: net::ERR_CONNECTION_REFUSED @ http://localhost:3000/events:0
[ 3108880ms] [ERROR] Failed to load resource: net::ERR_CONNECTION_REFUSED @ http://localhost:60632/lazy-compilation-using-javascript/esm%7C/Users/soumyachakraborty/Documents/Swarm-Code/swarm-video/node_modules/zod/index.js@javascript/esm%7C/Users/soumyachakraborty/Documents/Swarm-Code/swarm-video/node_modules/zod/v3/index.js@javascript/esm%7C/Users/soumyachakraborty/Documents/Swarm-Code/swarm-video/node_modules/_remotion/zod-types/dist/esm/index.mjs:0
[ 3109883ms] [ERROR] Failed to load resource: net::ERR_CONNECTION_REFUSED @ http://localhost:3000/events:0
[ 3111882ms] [ERROR] Failed to load resource: net::ERR_CONNECTION_REFUSED @ http://localhost:60632/lazy-compilation-using-javascript/esm%7C/Users/soumyachakraborty/Documents/Swarm-Code/swarm-video/node_modules/zod/index.js@javascript/esm%7C/Users/soumyachakraborty/Documents/Swarm-Code/swarm-video/node_modules/zod/v3/index.js@javascript/esm%7C/Users/soumyachakraborty/Documents/Swarm-Code/swarm-video/node_modules/_remotion/zod-types/dist/esm/index.mjs:0
[ 3112886ms] [ERROR] Failed to load resource: net::ERR_CONNECTION_REFUSED @ http://localhost:3000/events:0
[ 3114885ms] [ERROR] Failed to load resource: net::ERR_CONNECTION_REFUSED @ http://localhost:60632/lazy-compilation-using-javascript/esm%7C/Users/soumyachakraborty/Documents/Swarm-Code/swarm-video/node_modules/zod/index.js@javascript/esm%7C/Users/soumyachakraborty/Documents/Swarm-Code/swarm-video/node_modules/zod/v3/index.js@javascript/esm%7C/Users/soumyachakraborty/Documents/Swarm-Code/swarm-video/node_modules/_remotion/zod-types/dist/esm/index.mjs:0
[ 3115889ms] [ERROR] Failed to load resource: net::ERR_CONNECTION_REFUSED @ http://localhost:3000/events:0
[ 3117888ms] [ERROR] Failed to load resource: net::ERR_CONNECTION_REFUSED @ http://localhost:60632/lazy-compilation-using-javascript/esm%7C/Users/soumyachakraborty/Documents/Swarm-Code/swarm-video/node_modules/zod/index.js@javascript/esm%7C/Users/soumyachakraborty/Documents/Swarm-Code/swarm-video/node_modules/zod/v3/index.js@javascript/esm%7C/Users/soumyachakraborty/Documents/Swarm-Code/swarm-video/node_modules/_remotion/zod-types/dist/esm/index.mjs:0
[ 3118892ms] [ERROR] Failed to load resource: net::ERR_CONNECTION_REFUSED @ http://localhost:3000/events:0
[ 3120891ms] [ERROR] Failed to load resource: net::ERR_CONNECTION_REFUSED @ http://localhost:60632/lazy-compilation-using-javascript/esm%7C/Users/soumyachakraborty/Documents/Swarm-Code/swarm-video/node_modules/zod/index.js@javascript/esm%7C/Users/soumyachakraborty/Documents/Swarm-Code/swarm-video/node_modules/zod/v3/index.js@javascript/esm%7C/Users/soumyachakraborty/Documents/Swarm-Code/swarm-video/node_modules/_remotion/zod-types/dist/esm/index.mjs:0
[ 3121895ms] [ERROR] Failed to load resource: net::ERR_CONNECTION_REFUSED @ http://localhost:3000/events:0
[ 3123894ms] [ERROR] Failed to load resource: net::ERR_CONNECTION_REFUSED @ http://localhost:60632/lazy-compilation-using-javascript/esm%7C/Users/soumyachakraborty/Documents/Swarm-Code/swarm-video/node_modules/zod/index.js@javascript/esm%7C/Users/soumyachakraborty/Documents/Swarm-Code/swarm-video/node_modules/zod/v3/index.js@javascript/esm%7C/Users/soumyachakraborty/Documents/Swarm-Code/swarm-video/node_modules/_remotion/zod-types/dist/esm/index.mjs:0
[ 3124898ms] [ERROR] Failed to load resource: net::ERR_CONNECTION_REFUSED @ http://localhost:3000/events:0
[ 3126897ms] [ERROR] Failed to load resource: net::ERR_CONNECTION_REFUSED @ http://localhost:60632/lazy-compilation-using-javascript/esm%7C/Users/soumyachakraborty/Documents/Swarm-Code/swarm-video/node_modules/zod/index.js@javascript/esm%7C/Users/soumyachakraborty/Documents/Swarm-Code/swarm-video/node_modules/zod/v3/index.js@javascript/esm%7C/Users/soumyachakraborty/Documents/Swarm-Code/swarm-video/node_modules/_remotion/zod-types/dist/esm/index.mjs:0
[ 3127902ms] [ERROR] Failed to load resource: net::ERR_CONNECTION_REFUSED @ http://localhost:3000/events:0
[ 3129898ms] [ERROR] Failed to load resource: net::ERR_CONNECTION_REFUSED @ http://localhost:60632/lazy-compilation-using-javascript/esm%7C/Users/soumyachakraborty/Documents/Swarm-Code/swarm-video/node_modules/zod/index.js@javascript/esm%7C/Users/soumyachakraborty/Documents/Swarm-Code/swarm-video/node_modules/zod/v3/index.js@javascript/esm%7C/Users/soumyachakraborty/Documents/Swarm-Code/swarm-video/node_modules/_remotion/zod-types/dist/esm/index.mjs:0
[ 3130905ms] [ERROR] Failed to load resource: net::ERR_CONNECTION_REFUSED @ http://localhost:3000/events:0
[ 3132912ms] [ERROR] Failed to load resource: net::ERR_CONNECTION_REFUSED @ http://localhost:60632/lazy-compilation-using-javascript/esm%7C/Users/soumyachakraborty/Documents/Swarm-Code/swarm-video/node_modules/zod/index.js@javascript/esm%7C/Users/soumyachakraborty/Documents/Swarm-Code/swarm-video/node_modules/zod/v3/index.js@javascript/esm%7C/Users/soumyachakraborty/Documents/Swarm-Code/swarm-video/node_modules/_remotion/zod-types/dist/esm/index.mjs:0
[ 3133908ms] [ERROR] Failed to load resource: net::ERR_CONNECTION_REFUSED @ http://localhost:3000/events:0
[ 3135914ms] [ERROR] Failed to load resource: net::ERR_CONNECTION_REFUSED @ http://localhost:60632/lazy-compilation-using-javascript/esm%7C/Users/soumyachakraborty/Documents/Swarm-Code/swarm-video/node_modules/zod/index.js@javascript/esm%7C/Users/soumyachakraborty/Documents/Swarm-Code/swarm-video/node_modules/zod/v3/index.js@javascript/esm%7C/Users/soumyachakraborty/Documents/Swarm-Code/swarm-video/node_modules/_remotion/zod-types/dist/esm/index.mjs:0
[ 3136911ms] [ERROR] Failed to load resource: net::ERR_CONNECTION_REFUSED @ http://localhost:3000/events:0
[ 3138919ms] [ERROR] Failed to load resource: net::ERR_CONNECTION_REFUSED @ http://localhost:60632/lazy-compilation-using-javascript/esm%7C/Users/soumyachakraborty/Documents/Swarm-Code/swarm-video/node_modules/zod/index.js@javascript/esm%7C/Users/soumyachakraborty/Documents/Swarm-Code/swarm-video/node_modules/zod/v3/index.js@javascript/esm%7C/Users/soumyachakraborty/Documents/Swarm-Code/swarm-video/node_modules/_remotion/zod-types/dist/esm/index.mjs:0
[ 3139914ms] [ERROR] Failed to load resource: net::ERR_CONNECTION_REFUSED @ http://localhost:3000/events:0
[ 3141922ms] [ERROR] Failed to load resource: net::ERR_CONNECTION_REFUSED @ http://localhost:60632/lazy-compilation-using-javascript/esm%7C/Users/soumyachakraborty/Documents/Swarm-Code/swarm-video/node_modules/zod/index.js@javascript/esm%7C/Users/soumyachakraborty/Documents/Swarm-Code/swarm-video/node_modules/zod/v3/index.js@javascript/esm%7C/Users/soumyachakraborty/Documents/Swarm-Code/swarm-video/node_modules/_remotion/zod-types/dist/esm/index.mjs:0
[ 3142917ms] [ERROR] Failed to load resource: net::ERR_CONNECTION_REFUSED @ http://localhost:3000/events:0
[ 3144927ms] [ERROR] Failed to load resource: net::ERR_CONNECTION_REFUSED @ http://localhost:60632/lazy-compilation-using-javascript/esm%7C/Users/soumyachakraborty/Documents/Swarm-Code/swarm-video/node_modules/zod/index.js@javascript/esm%7C/Users/soumyachakraborty/Documents/Swarm-Code/swarm-video/node_modules/zod/v3/index.js@javascript/esm%7C/Users/soumyachakraborty/Documents/Swarm-Code/swarm-video/node_modules/_remotion/zod-types/dist/esm/index.mjs:0
[ 3145920ms] [ERROR] Failed to load resource: net::ERR_CONNECTION_REFUSED @ http://localhost:3000/events:0
[ 3147931ms] [ERROR] Failed to load resource: net::ERR_CONNECTION_REFUSED @ http://localhost:60632/lazy-compilation-using-javascript/esm%7C/Users/soumyachakraborty/Documents/Swarm-Code/swarm-video/node_modules/zod/index.js@javascript/esm%7C/Users/soumyachakraborty/Documents/Swarm-Code/swarm-video/node_modules/zod/v3/index.js@javascript/esm%7C/Users/soumyachakraborty/Documents/Swarm-Code/swarm-video/node_modules/_remotion/zod-types/dist/esm/index.mjs:0
[ 3148923ms] [ERROR] Failed to load resource: net::ERR_CONNECTION_REFUSED @ http://localhost:3000/events:0
[ 3150935ms] [ERROR] Failed to load resource: net::ERR_CONNECTION_REFUSED @ http://localhost:60632/lazy-compilation-using-javascript/esm%7C/Users/soumyachakraborty/Documents/Swarm-Code/swarm-video/node_modules/zod/index.js@javascript/esm%7C/Users/soumyachakraborty/Documents/Swarm-Code/swarm-video/node_modules/zod/v3/index.js@javascript/esm%7C/Users/soumyachakraborty/Documents/Swarm-Code/swarm-video/node_modules/_remotion/zod-types/dist/esm/index.mjs:0
[ 3151926ms] [ERROR] Failed to load resource: net::ERR_CONNECTION_REFUSED @ http://localhost:3000/events:0
[ 3153938ms] [ERROR] Failed to load resource: net::ERR_CONNECTION_REFUSED @ http://localhost:60632/lazy-compilation-using-javascript/esm%7C/Users/soumyachakraborty/Documents/Swarm-Code/swarm-video/node_modules/zod/index.js@javascript/esm%7C/Users/soumyachakraborty/Documents/Swarm-Code/swarm-video/node_modules/zod/v3/index.js@javascript/esm%7C/Users/soumyachakraborty/Documents/Swarm-Code/swarm-video/node_modules/_remotion/zod-types/dist/esm/index.mjs:0
[ 3154930ms] [ERROR] Failed to load resource: net::ERR_CONNECTION_REFUSED @ http://localhost:3000/events:0
[ 3156941ms] [ERROR] Failed to load resource: net::ERR_CONNECTION_REFUSED @ http://localhost:60632/lazy-compilation-using-javascript/esm%7C/Users/soumyachakraborty/Documents/Swarm-Code/swarm-video/node_modules/zod/index.js@javascript/esm%7C/Users/soumyachakraborty/Documents/Swarm-Code/swarm-video/node_modules/zod/v3/index.js@javascript/esm%7C/Users/soumyachakraborty/Documents/Swarm-Code/swarm-video/node_modules/_remotion/zod-types/dist/esm/index.mjs:0
[ 3157932ms] [ERROR] Failed to load resource: net::ERR_CONNECTION_REFUSED @ http://localhost:3000/events:0
[ 3159945ms] [ERROR] Failed to load resource: net::ERR_CONNECTION_REFUSED @ http://localhost:60632/lazy-compilation-using-javascript/esm%7C/Users/soumyachakraborty/Documents/Swarm-Code/swarm-video/node_modules/zod/index.js@javascript/esm%7C/Users/soumyachakraborty/Documents/Swarm-Code/swarm-video/node_modules/zod/v3/index.js@javascript/esm%7C/Users/soumyachakraborty/Documents/Swarm-Code/swarm-video/node_modules/_remotion/zod-types/dist/esm/index.mjs:0
[ 3160935ms] [ERROR] Failed to load resource: net::ERR_CONNECTION_REFUSED @ http://localhost:3000/events:0
[ 3162948ms] [ERROR] Failed to load resource: net::ERR_CONNECTION_REFUSED @ http://localhost:60632/lazy-compilation-using-javascript/esm%7C/Users/soumyachakraborty/Documents/Swarm-Code/swarm-video/node_modules/zod/index.js@javascript/esm%7C/Users/soumyachakraborty/Documents/Swarm-Code/swarm-video/node_modules/zod/v3/index.js@javascript/esm%7C/Users/soumyachakraborty/Documents/Swarm-Code/swarm-video/node_modules/_remotion/zod-types/dist/esm/index.mjs:0
[ 3163938ms] [ERROR] Failed to load resource: net::ERR_CONNECTION_REFUSED @ http://localhost:3000/events:0
[ 3165951ms] [ERROR] Failed to load resource: net::ERR_CONNECTION_REFUSED @ http://localhost:60632/lazy-compilation-using-javascript/esm%7C/Users/soumyachakraborty/Documents/Swarm-Code/swarm-video/node_modules/zod/index.js@javascript/esm%7C/Users/soumyachakraborty/Documents/Swarm-Code/swarm-video/node_modules/zod/v3/index.js@javascript/esm%7C/Users/soumyachakraborty/Documents/Swarm-Code/swarm-video/node_modules/_remotion/zod-types/dist/esm/index.mjs:0
[ 3166941ms] [ERROR] Failed to load resource: net::ERR_CONNECTION_REFUSED @ http://localhost:3000/events:0
[ 3168954ms] [ERROR] Failed to load resource: net::ERR_CONNECTION_REFUSED @ http://localhost:60632/lazy-compilation-using-javascript/esm%7C/Users/soumyachakraborty/Documents/Swarm-Code/swarm-video/node_modules/zod/index.js@javascript/esm%7C/Users/soumyachakraborty/Documents/Swarm-Code/swarm-video/node_modules/zod/v3/index.js@javascript/esm%7C/Users/soumyachakraborty/Documents/Swarm-Code/swarm-video/node_modules/_remotion/zod-types/dist/esm/index.mjs:0
[ 3169945ms] [ERROR] Failed to load resource: net::ERR_CONNECTION_REFUSED @ http://localhost:3000/events:0
[ 3171959ms] [ERROR] Failed to load resource: net::ERR_CONNECTION_REFUSED @ http://localhost:60632/lazy-compilation-using-javascript/esm%7C/Users/soumyachakraborty/Documents/Swarm-Code/swarm-video/node_modules/zod/index.js@javascript/esm%7C/Users/soumyachakraborty/Documents/Swarm-Code/swarm-video/node_modules/zod/v3/index.js@javascript/esm%7C/Users/soumyachakraborty/Documents/Swarm-Code/swarm-video/node_modules/_remotion/zod-types/dist/esm/index.mjs:0
[ 3172947ms] [ERROR] Failed to load resource: net::ERR_CONNECTION_REFUSED @ http://localhost:3000/events:0
[ 3174961ms] [ERROR] Failed to load resource: net::ERR_CONNECTION_REFUSED @ http://localhost:60632/lazy-compilation-using-javascript/esm%7C/Users/soumyachakraborty/Documents/Swarm-Code/swarm-video/node_modules/zod/index.js@javascript/esm%7C/Users/soumyachakraborty/Documents/Swarm-Code/swarm-video/node_modules/zod/v3/index.js@javascript/esm%7C/Users/soumyachakraborty/Documents/Swarm-Code/swarm-video/node_modules/_remotion/zod-types/dist/esm/index.mjs:0
[ 3175949ms] [ERROR] Failed to load resource: net::ERR_CONNECTION_REFUSED @ http://localhost:3000/events:0
[ 3177970ms] [ERROR] Failed to load resource: net::ERR_CONNECTION_REFUSED @ http://localhost:60632/lazy-compilation-using-javascript/esm%7C/Users/soumyachakraborty/Documents/Swarm-Code/swarm-video/node_modules/zod/index.js@javascript/esm%7C/Users/soumyachakraborty/Documents/Swarm-Code/swarm-video/node_modules/zod/v3/index.js@javascript/esm%7C/Users/soumyachakraborty/Documents/Swarm-Code/swarm-video/node_modules/_remotion/zod-types/dist/esm/index.mjs:0
[ 3178952ms] [ERROR] Failed to load resource: net::ERR_CONNECTION_REFUSED @ http://localhost:3000/events:0
[ 3180973ms] [ERROR] Failed to load resource: net::ERR_CONNECTION_REFUSED @ http://localhost:60632/lazy-compilation-using-javascript/esm%7C/Users/soumyachakraborty/Documents/Swarm-Code/swarm-video/node_modules/zod/index.js@javascript/esm%7C/Users/soumyachakraborty/Documents/Swarm-Code/swarm-video/node_modules/zod/v3/index.js@javascript/esm%7C/Users/soumyachakraborty/Documents/Swarm-Code/swarm-video/node_modules/_remotion/zod-types/dist/esm/index.mjs:0
[ 3181954ms] [ERROR] Failed to load resource: net::ERR_CONNECTION_REFUSED @ http://localhost:3000/events:0
[ 3183979ms] [ERROR] Failed to load resource: net::ERR_CONNECTION_REFUSED @ http://localhost:60632/lazy-compilation-using-javascript/esm%7C/Users/soumyachakraborty/Documents/Swarm-Code/swarm-video/node_modules/zod/index.js@javascript/esm%7C/Users/soumyachakraborty/Documents/Swarm-Code/swarm-video/node_modules/zod/v3/index.js@javascript/esm%7C/Users/soumyachakraborty/Documents/Swarm-Code/swarm-video/node_modules/_remotion/zod-types/dist/esm/index.mjs:0
[ 3184957ms] [ERROR] Failed to load resource: net::ERR_CONNECTION_REFUSED @ http://localhost:3000/events:0
[ 3186983ms] [ERROR] Failed to load resource: net::ERR_CONNECTION_REFUSED @ http://localhost:60632/lazy-compilation-using-javascript/esm%7C/Users/soumyachakraborty/Documents/Swarm-Code/swarm-video/node_modules/zod/index.js@javascript/esm%7C/Users/soumyachakraborty/Documents/Swarm-Code/swarm-video/node_modules/zod/v3/index.js@javascript/esm%7C/Users/soumyachakraborty/Documents/Swarm-Code/swarm-video/node_modules/_remotion/zod-types/dist/esm/index.mjs:0
[ 3187960ms] [ERROR] Failed to load resource: net::ERR_CONNECTION_REFUSED @ http://localhost:3000/events:0
[ 3189986ms] [ERROR] Failed to load resource: net::ERR_CONNECTION_REFUSED @ http://localhost:60632/lazy-compilation-using-javascript/esm%7C/Users/soumyachakraborty/Documents/Swarm-Code/swarm-video/node_modules/zod/index.js@javascript/esm%7C/Users/soumyachakraborty/Documents/Swarm-Code/swarm-video/node_modules/zod/v3/index.js@javascript/esm%7C/Users/soumyachakraborty/Documents/Swarm-Code/swarm-video/node_modules/_remotion/zod-types/dist/esm/index.mjs:0
[ 3190971ms] [ERROR] Failed to load resource: the server responded with a status of 404 (Not Found) @ http://localhost:3000/events:0
[ 3193001ms] [ERROR] Failed to load resource: net::ERR_CONNECTION_REFUSED @ http://localhost:60632/lazy-compilation-using-javascript/esm%7C/Users/soumyachakraborty/Documents/Swarm-Code/swarm-video/node_modules/zod/index.js@javascript/esm%7C/Users/soumyachakraborty/Documents/Swarm-Code/swarm-video/node_modules/zod/v3/index.js@javascript/esm%7C/Users/soumyachakraborty/Documents/Swarm-Code/swarm-video/node_modules/_remotion/zod-types/dist/esm/index.mjs:0
[ 3196016ms] [ERROR] Failed to load resource: net::ERR_CONNECTION_REFUSED @ http://localhost:60632/lazy-compilation-using-javascript/esm%7C/Users/soumyachakraborty/Documents/Swarm-Code/swarm-video/node_modules/zod/index.js@javascript/esm%7C/Users/soumyachakraborty/Documents/Swarm-Code/swarm-video/node_modules/zod/v3/index.js@javascript/esm%7C/Users/soumyachakraborty/Documents/Swarm-Code/swarm-video/node_modules/_remotion/zod-types/dist/esm/index.mjs:0
[ 3199021ms] [ERROR] Failed to load resource: net::ERR_CONNECTION_REFUSED @ http://localhost:60632/lazy-compilation-using-javascript/esm%7C/Users/soumyachakraborty/Documents/Swarm-Code/swarm-video/node_modules/zod/index.js@javascript/esm%7C/Users/soumyachakraborty/Documents/Swarm-Code/swarm-video/node_modules/zod/v3/index.js@javascript/esm%7C/Users/soumyachakraborty/Documents/Swarm-Code/swarm-video/node_modules/_remotion/zod-types/dist/esm/index.mjs:0
[ 3202038ms] [ERROR] Failed to load resource: net::ERR_CONNECTION_REFUSED @ http://localhost:60632/lazy-compilation-using-javascript/esm%7C/Users/soumyachakraborty/Documents/Swarm-Code/swarm-video/node_modules/zod/index.js@javascript/esm%7C/Users/soumyachakraborty/Documents/Swarm-Code/swarm-video/node_modules/zod/v3/index.js@javascript/esm%7C/Users/soumyachakraborty/Documents/Swarm-Code/swarm-video/node_modules/_remotion/zod-types/dist/esm/index.mjs:0
[ 3205048ms] [ERROR] Failed to load resource: net::ERR_CONNECTION_REFUSED @ http://localhost:60632/lazy-compilation-using-javascript/esm%7C/Users/soumyachakraborty/Documents/Swarm-Code/swarm-video/node_modules/zod/index.js@javascript/esm%7C/Users/soumyachakraborty/Documents/Swarm-Code/swarm-video/node_modules/zod/v3/index.js@javascript/esm%7C/Users/soumyachakraborty/Documents/Swarm-Code/swarm-video/node_modules/_remotion/zod-types/dist/esm/index.mjs:0
[ 3208057ms] [ERROR] Failed to load resource: net::ERR_CONNECTION_REFUSED @ http://localhost:60632/lazy-compilation-using-javascript/esm%7C/Users/soumyachakraborty/Documents/Swarm-Code/swarm-video/node_modules/zod/index.js@javascript/esm%7C/Users/soumyachakraborty/Documents/Swarm-Code/swarm-video/node_modules/zod/v3/index.js@javascript/esm%7C/Users/soumyachakraborty/Documents/Swarm-Code/swarm-video/node_modules/_remotion/zod-types/dist/esm/index.mjs:0
[ 3211062ms] [ERROR] Failed to load resource: net::ERR_CONNECTION_REFUSED @ http://localhost:60632/lazy-compilation-using-javascript/esm%7C/Users/soumyachakraborty/Documents/Swarm-Code/swarm-video/node_modules/zod/index.js@javascript/esm%7C/Users/soumyachakraborty/Documents/Swarm-Code/swarm-video/node_modules/zod/v3/index.js@javascript/esm%7C/Users/soumyachakraborty/Documents/Swarm-Code/swarm-video/node_modules/_remotion/zod-types/dist/esm/index.mjs:0
[ 3214066ms] [ERROR] Failed to load resource: net::ERR_CONNECTION_REFUSED @ http://localhost:60632/lazy-compilation-using-javascript/esm%7C/Users/soumyachakraborty/Documents/Swarm-Code/swarm-video/node_modules/zod/index.js@javascript/esm%7C/Users/soumyachakraborty/Documents/Swarm-Code/swarm-video/node_modules/zod/v3/index.js@javascript/esm%7C/Users/soumyachakraborty/Documents/Swarm-Code/swarm-video/node_modules/_remotion/zod-types/dist/esm/index.mjs:0
[ 3217077ms] [ERROR] Failed to load resource: net::ERR_CONNECTION_REFUSED @ http://localhost:60632/lazy-compilation-using-javascript/esm%7C/Users/soumyachakraborty/Documents/Swarm-Code/swarm-video/node_modules/zod/index.js@javascript/esm%7C/Users/soumyachakraborty/Documents/Swarm-Code/swarm-video/node_modules/zod/v3/index.js@javascript/esm%7C/Users/soumyachakraborty/Documents/Swarm-Code/swarm-video/node_modules/_remotion/zod-types/dist/esm/index.mjs:0
[ 3220082ms] [ERROR] Failed to load resource: net::ERR_CONNECTION_REFUSED @ http://localhost:60632/lazy-compilation-using-javascript/esm%7C/Users/soumyachakraborty/Documents/Swarm-Code/swarm-video/node_modules/zod/index.js@javascript/esm%7C/Users/soumyachakraborty/Documents/Swarm-Code/swarm-video/node_modules/zod/v3/index.js@javascript/esm%7C/Users/soumyachakraborty/Documents/Swarm-Code/swarm-video/node_modules/_remotion/zod-types/dist/esm/index.mjs:0
[ 3223086ms] [ERROR] Failed to load resource: net::ERR_CONNECTION_REFUSED @ http://localhost:60632/lazy-compilation-using-javascript/esm%7C/Users/soumyachakraborty/Documents/Swarm-Code/swarm-video/node_modules/zod/index.js@javascript/esm%7C/Users/soumyachakraborty/Documents/Swarm-Code/swarm-video/node_modules/zod/v3/index.js@javascript/esm%7C/Users/soumyachakraborty/Documents/Swarm-Code/swarm-video/node_modules/_remotion/zod-types/dist/esm/index.mjs:0
[ 3226088ms] [ERROR] Failed to load resource: net::ERR_CONNECTION_REFUSED @ http://localhost:60632/lazy-compilation-using-javascript/esm%7C/Users/soumyachakraborty/Documents/Swarm-Code/swarm-video/node_modules/zod/index.js@javascript/esm%7C/Users/soumyachakraborty/Documents/Swarm-Code/swarm-video/node_modules/zod/v3/index.js@javascript/esm%7C/Users/soumyachakraborty/Documents/Swarm-Code/swarm-video/node_modules/_remotion/zod-types/dist/esm/index.mjs:0
[ 3229091ms] [ERROR] Failed to load resource: net::ERR_CONNECTION_REFUSED @ http://localhost:60632/lazy-compilation-using-javascript/esm%7C/Users/soumyachakraborty/Documents/Swarm-Code/swarm-video/node_modules/zod/index.js@javascript/esm%7C/Users/soumyachakraborty/Documents/Swarm-Code/swarm-video/node_modules/zod/v3/index.js@javascript/esm%7C/Users/soumyachakraborty/Documents/Swarm-Code/swarm-video/node_modules/_remotion/zod-types/dist/esm/index.mjs:0
[ 3232094ms] [ERROR] Failed to load resource: net::ERR_CONNECTION_REFUSED @ http://localhost:60632/lazy-compilation-using-javascript/esm%7C/Users/soumyachakraborty/Documents/Swarm-Code/swarm-video/node_modules/zod/index.js@javascript/esm%7C/Users/soumyachakraborty/Documents/Swarm-Code/swarm-video/node_modules/zod/v3/index.js@javascript/esm%7C/Users/soumyachakraborty/Documents/Swarm-Code/swarm-video/node_modules/_remotion/zod-types/dist/esm/index.mjs:0
[ 3235099ms] [ERROR] Failed to load resource: net::ERR_CONNECTION_REFUSED @ http://localhost:60632/lazy-compilation-using-javascript/esm%7C/Users/soumyachakraborty/Documents/Swarm-Code/swarm-video/node_modules/zod/index.js@javascript/esm%7C/Users/soumyachakraborty/Documents/Swarm-Code/swarm-video/node_modules/zod/v3/index.js@javascript/esm%7C/Users/soumyachakraborty/Documents/Swarm-Code/swarm-video/node_modules/_remotion/zod-types/dist/esm/index.mjs:0
[ 3238103ms] [ERROR] Failed to load resource: net::ERR_CONNECTION_REFUSED @ http://localhost:60632/lazy-compilation-using-javascript/esm%7C/Users/soumyachakraborty/Documents/Swarm-Code/swarm-video/node_modules/zod/index.js@javascript/esm%7C/Users/soumyachakraborty/Documents/Swarm-Code/swarm-video/node_modules/zod/v3/index.js@javascript/esm%7C/Users/soumyachakraborty/Documents/Swarm-Code/swarm-video/node_modules/_remotion/zod-types/dist/esm/index.mjs:0
[ 3241108ms] [ERROR] Failed to load resource: net::ERR_CONNECTION_REFUSED @ http://localhost:60632/lazy-compilation-using-javascript/esm%7C/Users/soumyachakraborty/Documents/Swarm-Code/swarm-video/node_modules/zod/index.js@javascript/esm%7C/Users/soumyachakraborty/Documents/Swarm-Code/swarm-video/node_modules/zod/v3/index.js@javascript/esm%7C/Users/soumyachakraborty/Documents/Swarm-Code/swarm-video/node_modules/_remotion/zod-types/dist/esm/index.mjs:0
[ 3244112ms] [ERROR] Failed to load resource: net::ERR_CONNECTION_REFUSED @ http://localhost:60632/lazy-compilation-using-javascript/esm%7C/Users/soumyachakraborty/Documents/Swarm-Code/swarm-video/node_modules/zod/index.js@javascript/esm%7C/Users/soumyachakraborty/Documents/Swarm-Code/swarm-video/node_modules/zod/v3/index.js@javascript/esm%7C/Users/soumyachakraborty/Documents/Swarm-Code/swarm-video/node_modules/_remotion/zod-types/dist/esm/index.mjs:0
[ 3247117ms] [ERROR] Failed to load resource: net::ERR_CONNECTION_REFUSED @ http://localhost:60632/lazy-compilation-using-javascript/esm%7C/Users/soumyachakraborty/Documents/Swarm-Code/swarm-video/node_modules/zod/index.js@javascript/esm%7C/Users/soumyachakraborty/Documents/Swarm-Code/swarm-video/node_modules/zod/v3/index.js@javascript/esm%7C/Users/soumyachakraborty/Documents/Swarm-Code/swarm-video/node_modules/_remotion/zod-types/dist/esm/index.mjs:0
[ 3250121ms] [ERROR] Failed to load resource: net::ERR_CONNECTION_REFUSED @ http://localhost:60632/lazy-compilation-using-javascript/esm%7C/Users/soumyachakraborty/Documents/Swarm-Code/swarm-video/node_modules/zod/index.js@javascript/esm%7C/Users/soumyachakraborty/Documents/Swarm-Code/swarm-video/node_modules/zod/v3/index.js@javascript/esm%7C/Users/soumyachakraborty/Documents/Swarm-Code/swarm-video/node_modules/_remotion/zod-types/dist/esm/index.mjs:0
[ 3253125ms] [ERROR] Failed to load resource: net::ERR_CONNECTION_REFUSED @ http://localhost:60632/lazy-compilation-using-javascript/esm%7C/Users/soumyachakraborty/Documents/Swarm-Code/swarm-video/node_modules/zod/index.js@javascript/esm%7C/Users/soumyachakraborty/Documents/Swarm-Code/swarm-video/node_modules/zod/v3/index.js@javascript/esm%7C/Users/soumyachakraborty/Documents/Swarm-Code/swarm-video/node_modules/_remotion/zod-types/dist/esm/index.mjs:0
[ 3256131ms] [ERROR] Failed to load resource: net::ERR_CONNECTION_REFUSED @ http://localhost:60632/lazy-compilation-using-javascript/esm%7C/Users/soumyachakraborty/Documents/Swarm-Code/swarm-video/node_modules/zod/index.js@javascript/esm%7C/Users/soumyachakraborty/Documents/Swarm-Code/swarm-video/node_modules/zod/v3/index.js@javascript/esm%7C/Users/soumyachakraborty/Documents/Swarm-Code/swarm-video/node_modules/_remotion/zod-types/dist/esm/index.mjs:0
[ 3259133ms] [ERROR] Failed to load resource: net::ERR_CONNECTION_REFUSED @ http://localhost:60632/lazy-compilation-using-javascript/esm%7C/Users/soumyachakraborty/Documents/Swarm-Code/swarm-video/node_modules/zod/index.js@javascript/esm%7C/Users/soumyachakraborty/Documents/Swarm-Code/swarm-video/node_modules/zod/v3/index.js@javascript/esm%7C/Users/soumyachakraborty/Documents/Swarm-Code/swarm-video/node_modules/_remotion/zod-types/dist/esm/index.mjs:0
[ 3262137ms] [ERROR] Failed to load resource: net::ERR_CONNECTION_REFUSED @ http://localhost:60632/lazy-compilation-using-javascript/esm%7C/Users/soumyachakraborty/Documents/Swarm-Code/swarm-video/node_modules/zod/index.js@javascript/esm%7C/Users/soumyachakraborty/Documents/Swarm-Code/swarm-video/node_modules/zod/v3/index.js@javascript/esm%7C/Users/soumyachakraborty/Documents/Swarm-Code/swarm-video/node_modules/_remotion/zod-types/dist/esm/index.mjs:0
[ 3265140ms] [ERROR] Failed to load resource: net::ERR_CONNECTION_REFUSED @ http://localhost:60632/lazy-compilation-using-javascript/esm%7C/Users/soumyachakraborty/Documents/Swarm-Code/swarm-video/node_modules/zod/index.js@javascript/esm%7C/Users/soumyachakraborty/Documents/Swarm-Code/swarm-video/node_modules/zod/v3/index.js@javascript/esm%7C/Users/soumyachakraborty/Documents/Swarm-Code/swarm-video/node_modules/_remotion/zod-types/dist/esm/index.mjs:0
[ 3268154ms] [ERROR] Failed to load resource: net::ERR_CONNECTION_REFUSED @ http://localhost:60632/lazy-compilation-using-javascript/esm%7C/Users/soumyachakraborty/Documents/Swarm-Code/swarm-video/node_modules/zod/index.js@javascript/esm%7C/Users/soumyachakraborty/Documents/Swarm-Code/swarm-video/node_modules/zod/v3/index.js@javascript/esm%7C/Users/soumyachakraborty/Documents/Swarm-Code/swarm-video/node_modules/_remotion/zod-types/dist/esm/index.mjs:0
[ 3271174ms] [ERROR] Failed to load resource: net::ERR_CONNECTION_REFUSED @ http://localhost:60632/lazy-compilation-using-javascript/esm%7C/Users/soumyachakraborty/Documents/Swarm-Code/swarm-video/node_modules/zod/index.js@javascript/esm%7C/Users/soumyachakraborty/Documents/Swarm-Code/swarm-video/node_modules/zod/v3/index.js@javascript/esm%7C/Users/soumyachakraborty/Documents/Swarm-Code/swarm-video/node_modules/_remotion/zod-types/dist/esm/index.mjs:0
[ 3274186ms] [ERROR] Failed to load resource: net::ERR_CONNECTION_REFUSED @ http://localhost:60632/lazy-compilation-using-javascript/esm%7C/Users/soumyachakraborty/Documents/Swarm-Code/swarm-video/node_modules/zod/index.js@javascript/esm%7C/Users/soumyachakraborty/Documents/Swarm-Code/swarm-video/node_modules/zod/v3/index.js@javascript/esm%7C/Users/soumyachakraborty/Documents/Swarm-Code/swarm-video/node_modules/_remotion/zod-types/dist/esm/index.mjs:0
[ 3277209ms] [ERROR] Failed to load resource: net::ERR_CONNECTION_REFUSED @ http://localhost:60632/lazy-compilation-using-javascript/esm%7C/Users/soumyachakraborty/Documents/Swarm-Code/swarm-video/node_modules/zod/index.js@javascript/esm%7C/Users/soumyachakraborty/Documents/Swarm-Code/swarm-video/node_modules/zod/v3/index.js@javascript/esm%7C/Users/soumyachakraborty/Documents/Swarm-Code/swarm-video/node_modules/_remotion/zod-types/dist/esm/index.mjs:0
[ 3280227ms] [ERROR] Failed to load resource: net::ERR_CONNECTION_REFUSED @ http://localhost:60632/lazy-compilation-using-javascript/esm%7C/Users/soumyachakraborty/Documents/Swarm-Code/swarm-video/node_modules/zod/index.js@javascript/esm%7C/Users/soumyachakraborty/Documents/Swarm-Code/swarm-video/node_modules/zod/v3/index.js@javascript/esm%7C/Users/soumyachakraborty/Documents/Swarm-Code/swarm-video/node_modules/_remotion/zod-types/dist/esm/index.mjs:0
[ 3283233ms] [ERROR] Failed to load resource: net::ERR_CONNECTION_REFUSED @ http://localhost:60632/lazy-compilation-using-javascript/esm%7C/Users/soumyachakraborty/Documents/Swarm-Code/swarm-video/node_modules/zod/index.js@javascript/esm%7C/Users/soumyachakraborty/Documents/Swarm-Code/swarm-video/node_modules/zod/v3/index.js@javascript/esm%7C/Users/soumyachakraborty/Documents/Swarm-Code/swarm-video/node_modules/_remotion/zod-types/dist/esm/index.mjs:0
[ 3286239ms] [ERROR] Failed to load resource: net::ERR_CONNECTION_REFUSED @ http://localhost:60632/lazy-compilation-using-javascript/esm%7C/Users/soumyachakraborty/Documents/Swarm-Code/swarm-video/node_modules/zod/index.js@javascript/esm%7C/Users/soumyachakraborty/Documents/Swarm-Code/swarm-video/node_modules/zod/v3/index.js@javascript/esm%7C/Users/soumyachakraborty/Documents/Swarm-Code/swarm-video/node_modules/_remotion/zod-types/dist/esm/index.mjs:0
[ 3289247ms] [ERROR] Failed to load resource: net::ERR_CONNECTION_REFUSED @ http://localhost:60632/lazy-compilation-using-javascript/esm%7C/Users/soumyachakraborty/Documents/Swarm-Code/swarm-video/node_modules/zod/index.js@javascript/esm%7C/Users/soumyachakraborty/Documents/Swarm-Code/swarm-video/node_modules/zod/v3/index.js@javascript/esm%7C/Users/soumyachakraborty/Documents/Swarm-Code/swarm-video/node_modules/_remotion/zod-types/dist/esm/index.mjs:0
[ 3292259ms] [ERROR] Failed to load resource: net::ERR_CONNECTION_REFUSED @ http://localhost:60632/lazy-compilation-using-javascript/esm%7C/Users/soumyachakraborty/Documents/Swarm-Code/swarm-video/node_modules/zod/index.js@javascript/esm%7C/Users/soumyachakraborty/Documents/Swarm-Code/swarm-video/node_modules/zod/v3/index.js@javascript/esm%7C/Users/soumyachakraborty/Documents/Swarm-Code/swarm-video/node_modules/_remotion/zod-types/dist/esm/index.mjs:0
[ 3295271ms] [ERROR] Failed to load resource: net::ERR_CONNECTION_REFUSED @ http://localhost:60632/lazy-compilation-using-javascript/esm%7C/Users/soumyachakraborty/Documents/Swarm-Code/swarm-video/node_modules/zod/index.js@javascript/esm%7C/Users/soumyachakraborty/Documents/Swarm-Code/swarm-video/node_modules/zod/v3/index.js@javascript/esm%7C/Users/soumyachakraborty/Documents/Swarm-Code/swarm-video/node_modules/_remotion/zod-types/dist/esm/index.mjs:0
[ 3298275ms] [ERROR] Failed to load resource: net::ERR_CONNECTION_REFUSED @ http://localhost:60632/lazy-compilation-using-javascript/esm%7C/Users/soumyachakraborty/Documents/Swarm-Code/swarm-video/node_modules/zod/index.js@javascript/esm%7C/Users/soumyachakraborty/Documents/Swarm-Code/swarm-video/node_modules/zod/v3/index.js@javascript/esm%7C/Users/soumyachakraborty/Documents/Swarm-Code/swarm-video/node_modules/_remotion/zod-types/dist/esm/index.mjs:0
[ 3301280ms] [ERROR] Failed to load resource: net::ERR_CONNECTION_REFUSED @ http://localhost:60632/lazy-compilation-using-javascript/esm%7C/Users/soumyachakraborty/Documents/Swarm-Code/swarm-video/node_modules/zod/index.js@javascript/esm%7C/Users/soumyachakraborty/Documents/Swarm-Code/swarm-video/node_modules/zod/v3/index.js@javascript/esm%7C/Users/soumyachakraborty/Documents/Swarm-Code/swarm-video/node_modules/_remotion/zod-types/dist/esm/index.mjs:0
[ 3304283ms] [ERROR] Failed to load resource: net::ERR_CONNECTION_REFUSED @ http://localhost:60632/lazy-compilation-using-javascript/esm%7C/Users/soumyachakraborty/Documents/Swarm-Code/swarm-video/node_modules/zod/index.js@javascript/esm%7C/Users/soumyachakraborty/Documents/Swarm-Code/swarm-video/node_modules/zod/v3/index.js@javascript/esm%7C/Users/soumyachakraborty/Documents/Swarm-Code/swarm-video/node_modules/_remotion/zod-types/dist/esm/index.mjs:0
[ 3307287ms] [ERROR] Failed to load resource: net::ERR_CONNECTION_REFUSED @ http://localhost:60632/lazy-compilation-using-javascript/esm%7C/Users/soumyachakraborty/Documents/Swarm-Code/swarm-video/node_modules/zod/index.js@javascript/esm%7C/Users/soumyachakraborty/Documents/Swarm-Code/swarm-video/node_modules/zod/v3/index.js@javascript/esm%7C/Users/soumyachakraborty/Documents/Swarm-Code/swarm-video/node_modules/_remotion/zod-types/dist/esm/index.mjs:0
[ 3310289ms] [ERROR] Failed to load resource: net::ERR_CONNECTION_REFUSED @ http://localhost:60632/lazy-compilation-using-javascript/esm%7C/Users/soumyachakraborty/Documents/Swarm-Code/swarm-video/node_modules/zod/index.js@javascript/esm%7C/Users/soumyachakraborty/Documents/Swarm-Code/swarm-video/node_modules/zod/v3/index.js@javascript/esm%7C/Users/soumyachakraborty/Documents/Swarm-Code/swarm-video/node_modules/_remotion/zod-types/dist/esm/index.mjs:0
[ 3313291ms] [ERROR] Failed to load resource: net::ERR_CONNECTION_REFUSED @ http://localhost:60632/lazy-compilation-using-javascript/esm%7C/Users/soumyachakraborty/Documents/Swarm-Code/swarm-video/node_modules/zod/index.js@javascript/esm%7C/Users/soumyachakraborty/Documents/Swarm-Code/swarm-video/node_modules/zod/v3/index.js@javascript/esm%7C/Users/soumyachakraborty/Documents/Swarm-Code/swarm-video/node_modules/_remotion/zod-types/dist/esm/index.mjs:0
[ 3316294ms] [ERROR] Failed to load resource: net::ERR_CONNECTION_REFUSED @ http://localhost:60632/lazy-compilation-using-javascript/esm%7C/Users/soumyachakraborty/Documents/Swarm-Code/swarm-video/node_modules/zod/index.js@javascript/esm%7C/Users/soumyachakraborty/Documents/Swarm-Code/swarm-video/node_modules/zod/v3/index.js@javascript/esm%7C/Users/soumyachakraborty/Documents/Swarm-Code/swarm-video/node_modules/_remotion/zod-types/dist/esm/index.mjs:0
[ 3319296ms] [ERROR] Failed to load resource: net::ERR_CONNECTION_REFUSED @ http://localhost:60632/lazy-compilation-using-javascript/esm%7C/Users/soumyachakraborty/Documents/Swarm-Code/swarm-video/node_modules/zod/index.js@javascript/esm%7C/Users/soumyachakraborty/Documents/Swarm-Code/swarm-video/node_modules/zod/v3/index.js@javascript/esm%7C/Users/soumyachakraborty/Documents/Swarm-Code/swarm-video/node_modules/_remotion/zod-types/dist/esm/index.mjs:0
[ 3322298ms] [ERROR] Failed to load resource: net::ERR_CONNECTION_REFUSED @ http://localhost:60632/lazy-compilation-using-javascript/esm%7C/Users/soumyachakraborty/Documents/Swarm-Code/swarm-video/node_modules/zod/index.js@javascript/esm%7C/Users/soumyachakraborty/Documents/Swarm-Code/swarm-video/node_modules/zod/v3/index.js@javascript/esm%7C/Users/soumyachakraborty/Documents/Swarm-Code/swarm-video/node_modules/_remotion/zod-types/dist/esm/index.mjs:0
[ 3325300ms] [ERROR] Failed to load resource: net::ERR_CONNECTION_REFUSED @ http://localhost:60632/lazy-compilation-using-javascript/esm%7C/Users/soumyachakraborty/Documents/Swarm-Code/swarm-video/node_modules/zod/index.js@javascript/esm%7C/Users/soumyachakraborty/Documents/Swarm-Code/swarm-video/node_modules/zod/v3/index.js@javascript/esm%7C/Users/soumyachakraborty/Documents/Swarm-Code/swarm-video/node_modules/_remotion/zod-types/dist/esm/index.mjs:0
[ 3328303ms] [ERROR] Failed to load resource: net::ERR_CONNECTION_REFUSED @ http://localhost:60632/lazy-compilation-using-javascript/esm%7C/Users/soumyachakraborty/Documents/Swarm-Code/swarm-video/node_modules/zod/index.js@javascript/esm%7C/Users/soumyachakraborty/Documents/Swarm-Code/swarm-video/node_modules/zod/v3/index.js@javascript/esm%7C/Users/soumyachakraborty/Documents/Swarm-Code/swarm-video/node_modules/_remotion/zod-types/dist/esm/index.mjs:0
[ 3331306ms] [ERROR] Failed to load resource: net::ERR_CONNECTION_REFUSED @ http://localhost:60632/lazy-compilation-using-javascript/esm%7C/Users/soumyachakraborty/Documents/Swarm-Code/swarm-video/node_modules/zod/index.js@javascript/esm%7C/Users/soumyachakraborty/Documents/Swarm-Code/swarm-video/node_modules/zod/v3/index.js@javascript/esm%7C/Users/soumyachakraborty/Documents/Swarm-Code/swarm-video/node_modules/_remotion/zod-types/dist/esm/index.mjs:0
[ 3334308ms] [ERROR] Failed to load resource: net::ERR_CONNECTION_REFUSED @ http://localhost:60632/lazy-compilation-using-javascript/esm%7C/Users/soumyachakraborty/Documents/Swarm-Code/swarm-video/node_modules/zod/index.js@javascript/esm%7C/Users/soumyachakraborty/Documents/Swarm-Code/swarm-video/node_modules/zod/v3/index.js@javascript/esm%7C/Users/soumyachakraborty/Documents/Swarm-Code/swarm-video/node_modules/_remotion/zod-types/dist/esm/index.mjs:0
[ 3337310ms] [ERROR] Failed to load resource: net::ERR_CONNECTION_REFUSED @ http://localhost:60632/lazy-compilation-using-javascript/esm%7C/Users/soumyachakraborty/Documents/Swarm-Code/swarm-video/node_modules/zod/index.js@javascript/esm%7C/Users/soumyachakraborty/Documents/Swarm-Code/swarm-video/node_modules/zod/v3/index.js@javascript/esm%7C/Users/soumyachakraborty/Documents/Swarm-Code/swarm-video/node_modules/_remotion/zod-types/dist/esm/index.mjs:0
[ 3340312ms] [ERROR] Failed to load resource: net::ERR_CONNECTION_REFUSED @ http://localhost:60632/lazy-compilation-using-javascript/esm%7C/Users/soumyachakraborty/Documents/Swarm-Code/swarm-video/node_modules/zod/index.js@javascript/esm%7C/Users/soumyachakraborty/Documents/Swarm-Code/swarm-video/node_modules/zod/v3/index.js@javascript/esm%7C/Users/soumyachakraborty/Documents/Swarm-Code/swarm-video/node_modules/_remotion/zod-types/dist/esm/index.mjs:0
[ 3343314ms] [ERROR] Failed to load resource: net::ERR_CONNECTION_REFUSED @ http://localhost:60632/lazy-compilation-using-javascript/esm%7C/Users/soumyachakraborty/Documents/Swarm-Code/swarm-video/node_modules/zod/index.js@javascript/esm%7C/Users/soumyachakraborty/Documents/Swarm-Code/swarm-video/node_modules/zod/v3/index.js@javascript/esm%7C/Users/soumyachakraborty/Documents/Swarm-Code/swarm-video/node_modules/_remotion/zod-types/dist/esm/index.mjs:0
[ 3346317ms] [ERROR] Failed to load resource: net::ERR_CONNECTION_REFUSED @ http://localhost:60632/lazy-compilation-using-javascript/esm%7C/Users/soumyachakraborty/Documents/Swarm-Code/swarm-video/node_modules/zod/index.js@javascript/esm%7C/Users/soumyachakraborty/Documents/Swarm-Code/swarm-video/node_modules/zod/v3/index.js@javascript/esm%7C/Users/soumyachakraborty/Documents/Swarm-Code/swarm-video/node_modules/_remotion/zod-types/dist/esm/index.mjs:0
[ 3349319ms] [ERROR] Failed to load resource: net::ERR_CONNECTION_REFUSED @ http://localhost:60632/lazy-compilation-using-javascript/esm%7C/Users/soumyachakraborty/Documents/Swarm-Code/swarm-video/node_modules/zod/index.js@javascript/esm%7C/Users/soumyachakraborty/Documents/Swarm-Code/swarm-video/node_modules/zod/v3/index.js@javascript/esm%7C/Users/soumyachakraborty/Documents/Swarm-Code/swarm-video/node_modules/_remotion/zod-types/dist/esm/index.mjs:0
[ 3352322ms] [ERROR] Failed to load resource: net::ERR_CONNECTION_REFUSED @ http://localhost:60632/lazy-compilation-using-javascript/esm%7C/Users/soumyachakraborty/Documents/Swarm-Code/swarm-video/node_modules/zod/index.js@javascript/esm%7C/Users/soumyachakraborty/Documents/Swarm-Code/swarm-video/node_modules/zod/v3/index.js@javascript/esm%7C/Users/soumyachakraborty/Documents/Swarm-Code/swarm-video/node_modules/_remotion/zod-types/dist/esm/index.mjs:0
[ 3355326ms] [ERROR] Failed to load resource: net::ERR_CONNECTION_REFUSED @ http://localhost:60632/lazy-compilation-using-javascript/esm%7C/Users/soumyachakraborty/Documents/Swarm-Code/swarm-video/node_modules/zod/index.js@javascript/esm%7C/Users/soumyachakraborty/Documents/Swarm-Code/swarm-video/node_modules/zod/v3/index.js@javascript/esm%7C/Users/soumyachakraborty/Documents/Swarm-Code/swarm-video/node_modules/_remotion/zod-types/dist/esm/index.mjs:0
[ 3358328ms] [ERROR] Failed to load resource: net::ERR_CONNECTION_REFUSED @ http://localhost:60632/lazy-compilation-using-javascript/esm%7C/Users/soumyachakraborty/Documents/Swarm-Code/swarm-video/node_modules/zod/index.js@javascript/esm%7C/Users/soumyachakraborty/Documents/Swarm-Code/swarm-video/node_modules/zod/v3/index.js@javascript/esm%7C/Users/soumyachakraborty/Documents/Swarm-Code/swarm-video/node_modules/_remotion/zod-types/dist/esm/index.mjs:0
[ 3361331ms] [ERROR] Failed to load resource: net::ERR_CONNECTION_REFUSED @ http://localhost:60632/lazy-compilation-using-javascript/esm%7C/Users/soumyachakraborty/Documents/Swarm-Code/swarm-video/node_modules/zod/index.js@javascript/esm%7C/Users/soumyachakraborty/Documents/Swarm-Code/swarm-video/node_modules/zod/v3/index.js@javascript/esm%7C/Users/soumyachakraborty/Documents/Swarm-Code/swarm-video/node_modules/_remotion/zod-types/dist/esm/index.mjs:0
[ 3364333ms] [ERROR] Failed to load resource: net::ERR_CONNECTION_REFUSED @ http://localhost:60632/lazy-compilation-using-javascript/esm%7C/Users/soumyachakraborty/Documents/Swarm-Code/swarm-video/node_modules/zod/index.js@javascript/esm%7C/Users/soumyachakraborty/Documents/Swarm-Code/swarm-video/node_modules/zod/v3/index.js@javascript/esm%7C/Users/soumyachakraborty/Documents/Swarm-Code/swarm-video/node_modules/_remotion/zod-types/dist/esm/index.mjs:0
[ 3367336ms] [ERROR] Failed to load resource: net::ERR_CONNECTION_REFUSED @ http://localhost:60632/lazy-compilation-using-javascript/esm%7C/Users/soumyachakraborty/Documents/Swarm-Code/swarm-video/node_modules/zod/index.js@javascript/esm%7C/Users/soumyachakraborty/Documents/Swarm-Code/swarm-video/node_modules/zod/v3/index.js@javascript/esm%7C/Users/soumyachakraborty/Documents/Swarm-Code/swarm-video/node_modules/_remotion/zod-types/dist/esm/index.mjs:0
[ 3370338ms] [ERROR] Failed to load resource: net::ERR_CONNECTION_REFUSED @ http://localhost:60632/lazy-compilation-using-javascript/esm%7C/Users/soumyachakraborty/Documents/Swarm-Code/swarm-video/node_modules/zod/index.js@javascript/esm%7C/Users/soumyachakraborty/Documents/Swarm-Code/swarm-video/node_modules/zod/v3/index.js@javascript/esm%7C/Users/soumyachakraborty/Documents/Swarm-Code/swarm-video/node_modules/_remotion/zod-types/dist/esm/index.mjs:0
[ 3373340ms] [ERROR] Failed to load resource: net::ERR_CONNECTION_REFUSED @ http://localhost:60632/lazy-compilation-using-javascript/esm%7C/Users/soumyachakraborty/Documents/Swarm-Code/swarm-video/node_modules/zod/index.js@javascript/esm%7C/Users/soumyachakraborty/Documents/Swarm-Code/swarm-video/node_modules/zod/v3/index.js@javascript/esm%7C/Users/soumyachakraborty/Documents/Swarm-Code/swarm-video/node_modules/_remotion/zod-types/dist/esm/index.mjs:0
[ 3376342ms] [ERROR] Failed to load resource: net::ERR_CONNECTION_REFUSED @ http://localhost:60632/lazy-compilation-using-javascript/esm%7C/Users/soumyachakraborty/Documents/Swarm-Code/swarm-video/node_modules/zod/index.js@javascript/esm%7C/Users/soumyachakraborty/Documents/Swarm-Code/swarm-video/node_modules/zod/v3/index.js@javascript/esm%7C/Users/soumyachakraborty/Documents/Swarm-Code/swarm-video/node_modules/_remotion/zod-types/dist/esm/index.mjs:0
[ 3379344ms] [ERROR] Failed to load resource: net::ERR_CONNECTION_REFUSED @ http://localhost:60632/lazy-compilation-using-javascript/esm%7C/Users/soumyachakraborty/Documents/Swarm-Code/swarm-video/node_modules/zod/index.js@javascript/esm%7C/Users/soumyachakraborty/Documents/Swarm-Code/swarm-video/node_modules/zod/v3/index.js@javascript/esm%7C/Users/soumyachakraborty/Documents/Swarm-Code/swarm-video/node_modules/_remotion/zod-types/dist/esm/index.mjs:0
[ 3382345ms] [ERROR] Failed to load resource: net::ERR_CONNECTION_REFUSED @ http://localhost:60632/lazy-compilation-using-javascript/esm%7C/Users/soumyachakraborty/Documents/Swarm-Code/swarm-video/node_modules/zod/index.js@javascript/esm%7C/Users/soumyachakraborty/Documents/Swarm-Code/swarm-video/node_modules/zod/v3/index.js@javascript/esm%7C/Users/soumyachakraborty/Documents/Swarm-Code/swarm-video/node_modules/_remotion/zod-types/dist/esm/index.mjs:0
[ 3385346ms] [ERROR] Failed to load resource: net::ERR_CONNECTION_REFUSED @ http://localhost:60632/lazy-compilation-using-javascript/esm%7C/Users/soumyachakraborty/Documents/Swarm-Code/swarm-video/node_modules/zod/index.js@javascript/esm%7C/Users/soumyachakraborty/Documents/Swarm-Code/swarm-video/node_modules/zod/v3/index.js@javascript/esm%7C/Users/soumyachakraborty/Documents/Swarm-Code/swarm-video/node_modules/_remotion/zod-types/dist/esm/index.mjs:0
[ 3388348ms] [ERROR] Failed to load resource: net::ERR_CONNECTION_REFUSED @ http://localhost:60632/lazy-compilation-using-javascript/esm%7C/Users/soumyachakraborty/Documents/Swarm-Code/swarm-video/node_modules/zod/index.js@javascript/esm%7C/Users/soumyachakraborty/Documents/Swarm-Code/swarm-video/node_modules/zod/v3/index.js@javascript/esm%7C/Users/soumyachakraborty/Documents/Swarm-Code/swarm-video/node_modules/_remotion/zod-types/dist/esm/index.mjs:0
[ 3391349ms] [ERROR] Failed to load resource: net::ERR_CONNECTION_REFUSED @ http://localhost:60632/lazy-compilation-using-javascript/esm%7C/Users/soumyachakraborty/Documents/Swarm-Code/swarm-video/node_modules/zod/index.js@javascript/esm%7C/Users/soumyachakraborty/Documents/Swarm-Code/swarm-video/node_modules/zod/v3/index.js@javascript/esm%7C/Users/soumyachakraborty/Documents/Swarm-Code/swarm-video/node_modules/_remotion/zod-types/dist/esm/index.mjs:0
[ 3394350ms] [ERROR] Failed to load resource: net::ERR_CONNECTION_REFUSED @ http://localhost:60632/lazy-compilation-using-javascript/esm%7C/Users/soumyachakraborty/Documents/Swarm-Code/swarm-video/node_modules/zod/index.js@javascript/esm%7C/Users/soumyachakraborty/Documents/Swarm-Code/swarm-video/node_modules/zod/v3/index.js@javascript/esm%7C/Users/soumyachakraborty/Documents/Swarm-Code/swarm-video/node_modules/_remotion/zod-types/dist/esm/index.mjs:0
[ 3397351ms] [ERROR] Failed to load resource: net::ERR_CONNECTION_REFUSED @ http://localhost:60632/lazy-compilation-using-javascript/esm%7C/Users/soumyachakraborty/Documents/Swarm-Code/swarm-video/node_modules/zod/index.js@javascript/esm%7C/Users/soumyachakraborty/Documents/Swarm-Code/swarm-video/node_modules/zod/v3/index.js@javascript/esm%7C/Users/soumyachakraborty/Documents/Swarm-Code/swarm-video/node_modules/_remotion/zod-types/dist/esm/index.mjs:0
[ 3400352ms] [ERROR] Failed to load resource: net::ERR_CONNECTION_REFUSED @ http://localhost:60632/lazy-compilation-using-javascript/esm%7C/Users/soumyachakraborty/Documents/Swarm-Code/swarm-video/node_modules/zod/index.js@javascript/esm%7C/Users/soumyachakraborty/Documents/Swarm-Code/swarm-video/node_modules/zod/v3/index.js@javascript/esm%7C/Users/soumyachakraborty/Documents/Swarm-Code/swarm-video/node_modules/_remotion/zod-types/dist/esm/index.mjs:0
[ 3403353ms] [ERROR] Failed to load resource: net::ERR_CONNECTION_REFUSED @ http://localhost:60632/lazy-compilation-using-javascript/esm%7C/Users/soumyachakraborty/Documents/Swarm-Code/swarm-video/node_modules/zod/index.js@javascript/esm%7C/Users/soumyachakraborty/Documents/Swarm-Code/swarm-video/node_modules/zod/v3/index.js@javascript/esm%7C/Users/soumyachakraborty/Documents/Swarm-Code/swarm-video/node_modules/_remotion/zod-types/dist/esm/index.mjs:0
[ 3406354ms] [ERROR] Failed to load resource: net::ERR_CONNECTION_REFUSED @ http://localhost:60632/lazy-compilation-using-javascript/esm%7C/Users/soumyachakraborty/Documents/Swarm-Code/swarm-video/node_modules/zod/index.js@javascript/esm%7C/Users/soumyachakraborty/Documents/Swarm-Code/swarm-video/node_modules/zod/v3/index.js@javascript/esm%7C/Users/soumyachakraborty/Documents/Swarm-Code/swarm-video/node_modules/_remotion/zod-types/dist/esm/index.mjs:0
[ 3409357ms] [ERROR] Failed to load resource: net::ERR_CONNECTION_REFUSED @ http://localhost:60632/lazy-compilation-using-javascript/esm%7C/Users/soumyachakraborty/Documents/Swarm-Code/swarm-video/node_modules/zod/index.js@javascript/esm%7C/Users/soumyachakraborty/Documents/Swarm-Code/swarm-video/node_modules/zod/v3/index.js@javascript/esm%7C/Users/soumyachakraborty/Documents/Swarm-Code/swarm-video/node_modules/_remotion/zod-types/dist/esm/index.mjs:0
[ 3412359ms] [ERROR] Failed to load resource: net::ERR_CONNECTION_REFUSED @ http://localhost:60632/lazy-compilation-using-javascript/esm%7C/Users/soumyachakraborty/Documents/Swarm-Code/swarm-video/node_modules/zod/index.js@javascript/esm%7C/Users/soumyachakraborty/Documents/Swarm-Code/swarm-video/node_modules/zod/v3/index.js@javascript/esm%7C/Users/soumyachakraborty/Documents/Swarm-Code/swarm-video/node_modules/_remotion/zod-types/dist/esm/index.mjs:0
[ 3415361ms] [ERROR] Failed to load resource: net::ERR_CONNECTION_REFUSED @ http://localhost:60632/lazy-compilation-using-javascript/esm%7C/Users/soumyachakraborty/Documents/Swarm-Code/swarm-video/node_modules/zod/index.js@javascript/esm%7C/Users/soumyachakraborty/Documents/Swarm-Code/swarm-video/node_modules/zod/v3/index.js@javascript/esm%7C/Users/soumyachakraborty/Documents/Swarm-Code/swarm-video/node_modules/_remotion/zod-types/dist/esm/index.mjs:0
[ 3418363ms] [ERROR] Failed to load resource: net::ERR_CONNECTION_REFUSED @ http://localhost:60632/lazy-compilation-using-javascript/esm%7C/Users/soumyachakraborty/Documents/Swarm-Code/swarm-video/node_modules/zod/index.js@javascript/esm%7C/Users/soumyachakraborty/Documents/Swarm-Code/swarm-video/node_modules/zod/v3/index.js@javascript/esm%7C/Users/soumyachakraborty/Documents/Swarm-Code/swarm-video/node_modules/_remotion/zod-types/dist/esm/index.mjs:0
[ 3421364ms] [ERROR] Failed to load resource: net::ERR_CONNECTION_REFUSED @ http://localhost:60632/lazy-compilation-using-javascript/esm%7C/Users/soumyachakraborty/Documents/Swarm-Code/swarm-video/node_modules/zod/index.js@javascript/esm%7C/Users/soumyachakraborty/Documents/Swarm-Code/swarm-video/node_modules/zod/v3/index.js@javascript/esm%7C/Users/soumyachakraborty/Documents/Swarm-Code/swarm-video/node_modules/_remotion/zod-types/dist/esm/index.mjs:0
[ 3424367ms] [ERROR] Failed to load resource: net::ERR_CONNECTION_REFUSED @ http://localhost:60632/lazy-compilation-using-javascript/esm%7C/Users/soumyachakraborty/Documents/Swarm-Code/swarm-video/node_modules/zod/index.js@javascript/esm%7C/Users/soumyachakraborty/Documents/Swarm-Code/swarm-video/node_modules/zod/v3/index.js@javascript/esm%7C/Users/soumyachakraborty/Documents/Swarm-Code/swarm-video/node_modules/_remotion/zod-types/dist/esm/index.mjs:0
[ 3427369ms] [ERROR] Failed to load resource: net::ERR_CONNECTION_REFUSED @ http://localhost:60632/lazy-compilation-using-javascript/esm%7C/Users/soumyachakraborty/Documents/Swarm-Code/swarm-video/node_modules/zod/index.js@javascript/esm%7C/Users/soumyachakraborty/Documents/Swarm-Code/swarm-video/node_modules/zod/v3/index.js@javascript/esm%7C/Users/soumyachakraborty/Documents/Swarm-Code/swarm-video/node_modules/_remotion/zod-types/dist/esm/index.mjs:0
[ 3430371ms] [ERROR] Failed to load resource: net::ERR_CONNECTION_REFUSED @ http://localhost:60632/lazy-compilation-using-javascript/esm%7C/Users/soumyachakraborty/Documents/Swarm-Code/swarm-video/node_modules/zod/index.js@javascript/esm%7C/Users/soumyachakraborty/Documents/Swarm-Code/swarm-video/node_modules/zod/v3/index.js@javascript/esm%7C/Users/soumyachakraborty/Documents/Swarm-Code/swarm-video/node_modules/_remotion/zod-types/dist/esm/index.mjs:0
[ 3433374ms] [ERROR] Failed to load resource: net::ERR_CONNECTION_REFUSED @ http://localhost:60632/lazy-compilation-using-javascript/esm%7C/Users/soumyachakraborty/Documents/Swarm-Code/swarm-video/node_modules/zod/index.js@javascript/esm%7C/Users/soumyachakraborty/Documents/Swarm-Code/swarm-video/node_modules/zod/v3/index.js@javascript/esm%7C/Users/soumyachakraborty/Documents/Swarm-Code/swarm-video/node_modules/_remotion/zod-types/dist/esm/index.mjs:0
[ 3436376ms] [ERROR] Failed to load resource: net::ERR_CONNECTION_REFUSED @ http://localhost:60632/lazy-compilation-using-javascript/esm%7C/Users/soumyachakraborty/Documents/Swarm-Code/swarm-video/node_modules/zod/index.js@javascript/esm%7C/Users/soumyachakraborty/Documents/Swarm-Code/swarm-video/node_modules/zod/v3/index.js@javascript/esm%7C/Users/soumyachakraborty/Documents/Swarm-Code/swarm-video/node_modules/_remotion/zod-types/dist/esm/index.mjs:0
[ 3439378ms] [ERROR] Failed to load resource: net::ERR_CONNECTION_REFUSED @ http://localhost:60632/lazy-compilation-using-javascript/esm%7C/Users/soumyachakraborty/Documents/Swarm-Code/swarm-video/node_modules/zod/index.js@javascript/esm%7C/Users/soumyachakraborty/Documents/Swarm-Code/swarm-video/node_modules/zod/v3/index.js@javascript/esm%7C/Users/soumyachakraborty/Documents/Swarm-Code/swarm-video/node_modules/_remotion/zod-types/dist/esm/index.mjs:0
[ 3442379ms] [ERROR] Failed to load resource: net::ERR_CONNECTION_REFUSED @ http://localhost:60632/lazy-compilation-using-javascript/esm%7C/Users/soumyachakraborty/Documents/Swarm-Code/swarm-video/node_modules/zod/index.js@javascript/esm%7C/Users/soumyachakraborty/Documents/Swarm-Code/swarm-video/node_modules/zod/v3/index.js@javascript/esm%7C/Users/soumyachakraborty/Documents/Swarm-Code/swarm-video/node_modules/_remotion/zod-types/dist/esm/index.mjs:0
[ 3445381ms] [ERROR] Failed to load resource: net::ERR_CONNECTION_REFUSED @ http://localhost:60632/lazy-compilation-using-javascript/esm%7C/Users/soumyachakraborty/Documents/Swarm-Code/swarm-video/node_modules/zod/index.js@javascript/esm%7C/Users/soumyachakraborty/Documents/Swarm-Code/swarm-video/node_modules/zod/v3/index.js@javascript/esm%7C/Users/soumyachakraborty/Documents/Swarm-Code/swarm-video/node_modules/_remotion/zod-types/dist/esm/index.mjs:0
[ 3448382ms] [ERROR] Failed to load resource: net::ERR_CONNECTION_REFUSED @ http://localhost:60632/lazy-compilation-using-javascript/esm%7C/Users/soumyachakraborty/Documents/Swarm-Code/swarm-video/node_modules/zod/index.js@javascript/esm%7C/Users/soumyachakraborty/Documents/Swarm-Code/swarm-video/node_modules/zod/v3/index.js@javascript/esm%7C/Users/soumyachakraborty/Documents/Swarm-Code/swarm-video/node_modules/_remotion/zod-types/dist/esm/index.mjs:0
[ 3451384ms] [ERROR] Failed to load resource: net::ERR_CONNECTION_REFUSED @ http://localhost:60632/lazy-compilation-using-javascript/esm%7C/Users/soumyachakraborty/Documents/Swarm-Code/swarm-video/node_modules/zod/index.js@javascript/esm%7C/Users/soumyachakraborty/Documents/Swarm-Code/swarm-video/node_modules/zod/v3/index.js@javascript/esm%7C/Users/soumyachakraborty/Documents/Swarm-Code/swarm-video/node_modules/_remotion/zod-types/dist/esm/index.mjs:0
[ 3454385ms] [ERROR] Failed to load resource: net::ERR_CONNECTION_REFUSED @ http://localhost:60632/lazy-compilation-using-javascript/esm%7C/Users/soumyachakraborty/Documents/Swarm-Code/swarm-video/node_modules/zod/index.js@javascript/esm%7C/Users/soumyachakraborty/Documents/Swarm-Code/swarm-video/node_modules/zod/v3/index.js@javascript/esm%7C/Users/soumyachakraborty/Documents/Swarm-Code/swarm-video/node_modules/_remotion/zod-types/dist/esm/index.mjs:0
[ 3457387ms] [ERROR] Failed to load resource: net::ERR_CONNECTION_REFUSED @ http://localhost:60632/lazy-compilation-using-javascript/esm%7C/Users/soumyachakraborty/Documents/Swarm-Code/swarm-video/node_modules/zod/index.js@javascript/esm%7C/Users/soumyachakraborty/Documents/Swarm-Code/swarm-video/node_modules/zod/v3/index.js@javascript/esm%7C/Users/soumyachakraborty/Documents/Swarm-Code/swarm-video/node_modules/_remotion/zod-types/dist/esm/index.mjs:0
[ 3460389ms] [ERROR] Failed to load resource: net::ERR_CONNECTION_REFUSED @ http://localhost:60632/lazy-compilation-using-javascript/esm%7C/Users/soumyachakraborty/Documents/Swarm-Code/swarm-video/node_modules/zod/index.js@javascript/esm%7C/Users/soumyachakraborty/Documents/Swarm-Code/swarm-video/node_modules/zod/v3/index.js@javascript/esm%7C/Users/soumyachakraborty/Documents/Swarm-Code/swarm-video/node_modules/_remotion/zod-types/dist/esm/index.mjs:0
[ 3463390ms] [ERROR] Failed to load resource: net::ERR_CONNECTION_REFUSED @ http://localhost:60632/lazy-compilation-using-javascript/esm%7C/Users/soumyachakraborty/Documents/Swarm-Code/swarm-video/node_modules/zod/index.js@javascript/esm%7C/Users/soumyachakraborty/Documents/Swarm-Code/swarm-video/node_modules/zod/v3/index.js@javascript/esm%7C/Users/soumyachakraborty/Documents/Swarm-Code/swarm-video/node_modules/_remotion/zod-types/dist/esm/index.mjs:0
[ 3466392ms] [ERROR] Failed to load resource: net::ERR_CONNECTION_REFUSED @ http://localhost:60632/lazy-compilation-using-javascript/esm%7C/Users/soumyachakraborty/Documents/Swarm-Code/swarm-video/node_modules/zod/index.js@javascript/esm%7C/Users/soumyachakraborty/Documents/Swarm-Code/swarm-video/node_modules/zod/v3/index.js@javascript/esm%7C/Users/soumyachakraborty/Documents/Swarm-Code/swarm-video/node_modules/_remotion/zod-types/dist/esm/index.mjs:0
[ 3469394ms] [ERROR] Failed to load resource: net::ERR_CONNECTION_REFUSED @ http://localhost:60632/lazy-compilation-using-javascript/esm%7C/Users/soumyachakraborty/Documents/Swarm-Code/swarm-video/node_modules/zod/index.js@javascript/esm%7C/Users/soumyachakraborty/Documents/Swarm-Code/swarm-video/node_modules/zod/v3/index.js@javascript/esm%7C/Users/soumyachakraborty/Documents/Swarm-Code/swarm-video/node_modules/_remotion/zod-types/dist/esm/index.mjs:0
[ 3472395ms] [ERROR] Failed to load resource: net::ERR_CONNECTION_REFUSED @ http://localhost:60632/lazy-compilation-using-javascript/esm%7C/Users/soumyachakraborty/Documents/Swarm-Code/swarm-video/node_modules/zod/index.js@javascript/esm%7C/Users/soumyachakraborty/Documents/Swarm-Code/swarm-video/node_modules/zod/v3/index.js@javascript/esm%7C/Users/soumyachakraborty/Documents/Swarm-Code/swarm-video/node_modules/_remotion/zod-types/dist/esm/index.mjs:0
[ 3475396ms] [ERROR] Failed to load resource: net::ERR_CONNECTION_REFUSED @ http://localhost:60632/lazy-compilation-using-javascript/esm%7C/Users/soumyachakraborty/Documents/Swarm-Code/swarm-video/node_modules/zod/index.js@javascript/esm%7C/Users/soumyachakraborty/Documents/Swarm-Code/swarm-video/node_modules/zod/v3/index.js@javascript/esm%7C/Users/soumyachakraborty/Documents/Swarm-Code/swarm-video/node_modules/_remotion/zod-types/dist/esm/index.mjs:0
[ 3478397ms] [ERROR] Failed to load resource: net::ERR_CONNECTION_REFUSED @ http://localhost:60632/lazy-compilation-using-javascript/esm%7C/Users/soumyachakraborty/Documents/Swarm-Code/swarm-video/node_modules/zod/index.js@javascript/esm%7C/Users/soumyachakraborty/Documents/Swarm-Code/swarm-video/node_modules/zod/v3/index.js@javascript/esm%7C/Users/soumyachakraborty/Documents/Swarm-Code/swarm-video/node_modules/_remotion/zod-types/dist/esm/index.mjs:0
[ 3481399ms] [ERROR] Failed to load resource: net::ERR_CONNECTION_REFUSED @ http://localhost:60632/lazy-compilation-using-javascript/esm%7C/Users/soumyachakraborty/Documents/Swarm-Code/swarm-video/node_modules/zod/index.js@javascript/esm%7C/Users/soumyachakraborty/Documents/Swarm-Code/swarm-video/node_modules/zod/v3/index.js@javascript/esm%7C/Users/soumyachakraborty/Documents/Swarm-Code/swarm-video/node_modules/_remotion/zod-types/dist/esm/index.mjs:0
[ 3484401ms] [ERROR] Failed to load resource: net::ERR_CONNECTION_REFUSED @ http://localhost:60632/lazy-compilation-using-javascript/esm%7C/Users/soumyachakraborty/Documents/Swarm-Code/swarm-video/node_modules/zod/index.js@javascript/esm%7C/Users/soumyachakraborty/Documents/Swarm-Code/swarm-video/node_modules/zod/v3/index.js@javascript/esm%7C/Users/soumyachakraborty/Documents/Swarm-Code/swarm-video/node_modules/_remotion/zod-types/dist/esm/index.mjs:0
[ 3487404ms] [ERROR] Failed to load resource: net::ERR_CONNECTION_REFUSED @ http://localhost:60632/lazy-compilation-using-javascript/esm%7C/Users/soumyachakraborty/Documents/Swarm-Code/swarm-video/node_modules/zod/index.js@javascript/esm%7C/Users/soumyachakraborty/Documents/Swarm-Code/swarm-video/node_modules/zod/v3/index.js@javascript/esm%7C/Users/soumyachakraborty/Documents/Swarm-Code/swarm-video/node_modules/_remotion/zod-types/dist/esm/index.mjs:0
[ 3490406ms] [ERROR] Failed to load resource: net::ERR_CONNECTION_REFUSED @ http://localhost:60632/lazy-compilation-using-javascript/esm%7C/Users/soumyachakraborty/Documents/Swarm-Code/swarm-video/node_modules/zod/index.js@javascript/esm%7C/Users/soumyachakraborty/Documents/Swarm-Code/swarm-video/node_modules/zod/v3/index.js@javascript/esm%7C/Users/soumyachakraborty/Documents/Swarm-Code/swarm-video/node_modules/_remotion/zod-types/dist/esm/index.mjs:0
[ 3493413ms] [ERROR] Failed to load resource: net::ERR_CONNECTION_REFUSED @ http://localhost:60632/lazy-compilation-using-javascript/esm%7C/Users/soumyachakraborty/Documents/Swarm-Code/swarm-video/node_modules/zod/index.js@javascript/esm%7C/Users/soumyachakraborty/Documents/Swarm-Code/swarm-video/node_modules/zod/v3/index.js@javascript/esm%7C/Users/soumyachakraborty/Documents/Swarm-Code/swarm-video/node_modules/_remotion/zod-types/dist/esm/index.mjs:0
[ 3496415ms] [ERROR] Failed to load resource: net::ERR_CONNECTION_REFUSED @ http://localhost:60632/lazy-compilation-using-javascript/esm%7C/Users/soumyachakraborty/Documents/Swarm-Code/swarm-video/node_modules/zod/index.js@javascript/esm%7C/Users/soumyachakraborty/Documents/Swarm-Code/swarm-video/node_modules/zod/v3/index.js@javascript/esm%7C/Users/soumyachakraborty/Documents/Swarm-Code/swarm-video/node_modules/_remotion/zod-types/dist/esm/index.mjs:0
[ 3499417ms] [ERROR] Failed to load resource: net::ERR_CONNECTION_REFUSED @ http://localhost:60632/lazy-compilation-using-javascript/esm%7C/Users/soumyachakraborty/Documents/Swarm-Code/swarm-video/node_modules/zod/index.js@javascript/esm%7C/Users/soumyachakraborty/Documents/Swarm-Code/swarm-video/node_modules/zod/v3/index.js@javascript/esm%7C/Users/soumyachakraborty/Documents/Swarm-Code/swarm-video/node_modules/_remotion/zod-types/dist/esm/index.mjs:0
[ 3502420ms] [ERROR] Failed to load resource: net::ERR_CONNECTION_REFUSED @ http://localhost:60632/lazy-compilation-using-javascript/esm%7C/Users/soumyachakraborty/Documents/Swarm-Code/swarm-video/node_modules/zod/index.js@javascript/esm%7C/Users/soumyachakraborty/Documents/Swarm-Code/swarm-video/node_modules/zod/v3/index.js@javascript/esm%7C/Users/soumyachakraborty/Documents/Swarm-Code/swarm-video/node_modules/_remotion/zod-types/dist/esm/index.mjs:0
[ 3505423ms] [ERROR] Failed to load resource: net::ERR_CONNECTION_REFUSED @ http://localhost:60632/lazy-compilation-using-javascript/esm%7C/Users/soumyachakraborty/Documents/Swarm-Code/swarm-video/node_modules/zod/index.js@javascript/esm%7C/Users/soumyachakraborty/Documents/Swarm-Code/swarm-video/node_modules/zod/v3/index.js@javascript/esm%7C/Users/soumyachakraborty/Documents/Swarm-Code/swarm-video/node_modules/_remotion/zod-types/dist/esm/index.mjs:0
[ 3508425ms] [ERROR] Failed to load resource: net::ERR_CONNECTION_REFUSED @ http://localhost:60632/lazy-compilation-using-javascript/esm%7C/Users/soumyachakraborty/Documents/Swarm-Code/swarm-video/node_modules/zod/index.js@javascript/esm%7C/Users/soumyachakraborty/Documents/Swarm-Code/swarm-video/node_modules/zod/v3/index.js@javascript/esm%7C/Users/soumyachakraborty/Documents/Swarm-Code/swarm-video/node_modules/_remotion/zod-types/dist/esm/index.mjs:0
[ 3511427ms] [ERROR] Failed to load resource: net::ERR_CONNECTION_REFUSED @ http://localhost:60632/lazy-compilation-using-javascript/esm%7C/Users/soumyachakraborty/Documents/Swarm-Code/swarm-video/node_modules/zod/index.js@javascript/esm%7C/Users/soumyachakraborty/Documents/Swarm-Code/swarm-video/node_modules/zod/v3/index.js@javascript/esm%7C/Users/soumyachakraborty/Documents/Swarm-Code/swarm-video/node_modules/_remotion/zod-types/dist/esm/index.mjs:0
[ 3514429ms] [ERROR] Failed to load resource: net::ERR_CONNECTION_REFUSED @ http://localhost:60632/lazy-compilation-using-javascript/esm%7C/Users/soumyachakraborty/Documents/Swarm-Code/swarm-video/node_modules/zod/index.js@javascript/esm%7C/Users/soumyachakraborty/Documents/Swarm-Code/swarm-video/node_modules/zod/v3/index.js@javascript/esm%7C/Users/soumyachakraborty/Documents/Swarm-Code/swarm-video/node_modules/_remotion/zod-types/dist/esm/index.mjs:0
[ 3517431ms] [ERROR] Failed to load resource: net::ERR_CONNECTION_REFUSED @ http://localhost:60632/lazy-compilation-using-javascript/esm%7C/Users/soumyachakraborty/Documents/Swarm-Code/swarm-video/node_modules/zod/index.js@javascript/esm%7C/Users/soumyachakraborty/Documents/Swarm-Code/swarm-video/node_modules/zod/v3/index.js@javascript/esm%7C/Users/soumyachakraborty/Documents/Swarm-Code/swarm-video/node_modules/_remotion/zod-types/dist/esm/index.mjs:0
[ 3520435ms] [ERROR] Failed to load resource: net::ERR_CONNECTION_REFUSED @ http://localhost:60632/lazy-compilation-using-javascript/esm%7C/Users/soumyachakraborty/Documents/Swarm-Code/swarm-video/node_modules/zod/index.js@javascript/esm%7C/Users/soumyachakraborty/Documents/Swarm-Code/swarm-video/node_modules/zod/v3/index.js@javascript/esm%7C/Users/soumyachakraborty/Documents/Swarm-Code/swarm-video/node_modules/_remotion/zod-types/dist/esm/index.mjs:0
[ 3523438ms] [ERROR] Failed to load resource: net::ERR_CONNECTION_REFUSED @ http://localhost:60632/lazy-compilation-using-javascript/esm%7C/Users/soumyachakraborty/Documents/Swarm-Code/swarm-video/node_modules/zod/index.js@javascript/esm%7C/Users/soumyachakraborty/Documents/Swarm-Code/swarm-video/node_modules/zod/v3/index.js@javascript/esm%7C/Users/soumyachakraborty/Documents/Swarm-Code/swarm-video/node_modules/_remotion/zod-types/dist/esm/index.mjs:0
[ 3526441ms] [ERROR] Failed to load resource: net::ERR_CONNECTION_REFUSED @ http://localhost:60632/lazy-compilation-using-javascript/esm%7C/Users/soumyachakraborty/Documents/Swarm-Code/swarm-video/node_modules/zod/index.js@javascript/esm%7C/Users/soumyachakraborty/Documents/Swarm-Code/swarm-video/node_modules/zod/v3/index.js@javascript/esm%7C/Users/soumyachakraborty/Documents/Swarm-Code/swarm-video/node_modules/_remotion/zod-types/dist/esm/index.mjs:0
[ 3529443ms] [ERROR] Failed to load resource: net::ERR_CONNECTION_REFUSED @ http://localhost:60632/lazy-compilation-using-javascript/esm%7C/Users/soumyachakraborty/Documents/Swarm-Code/swarm-video/node_modules/zod/index.js@javascript/esm%7C/Users/soumyachakraborty/Documents/Swarm-Code/swarm-video/node_modules/zod/v3/index.js@javascript/esm%7C/Users/soumyachakraborty/Documents/Swarm-Code/swarm-video/node_modules/_remotion/zod-types/dist/esm/index.mjs:0
[ 3532447ms] [ERROR] Failed to load resource: net::ERR_CONNECTION_REFUSED @ http://localhost:60632/lazy-compilation-using-javascript/esm%7C/Users/soumyachakraborty/Documents/Swarm-Code/swarm-video/node_modules/zod/index.js@javascript/esm%7C/Users/soumyachakraborty/Documents/Swarm-Code/swarm-video/node_modules/zod/v3/index.js@javascript/esm%7C/Users/soumyachakraborty/Documents/Swarm-Code/swarm-video/node_modules/_remotion/zod-types/dist/esm/index.mjs:0
[ 3535449ms] [ERROR] Failed to load resource: net::ERR_CONNECTION_REFUSED @ http://localhost:60632/lazy-compilation-using-javascript/esm%7C/Users/soumyachakraborty/Documents/Swarm-Code/swarm-video/node_modules/zod/index.js@javascript/esm%7C/Users/soumyachakraborty/Documents/Swarm-Code/swarm-video/node_modules/zod/v3/index.js@javascript/esm%7C/Users/soumyachakraborty/Documents/Swarm-Code/swarm-video/node_modules/_remotion/zod-types/dist/esm/index.mjs:0
[ 3538452ms] [ERROR] Failed to load resource: net::ERR_CONNECTION_REFUSED @ http://localhost:60632/lazy-compilation-using-javascript/esm%7C/Users/soumyachakraborty/Documents/Swarm-Code/swarm-video/node_modules/zod/index.js@javascript/esm%7C/Users/soumyachakraborty/Documents/Swarm-Code/swarm-video/node_modules/zod/v3/index.js@javascript/esm%7C/Users/soumyachakraborty/Documents/Swarm-Code/swarm-video/node_modules/_remotion/zod-types/dist/esm/index.mjs:0
[ 3541454ms] [ERROR] Failed to load resource: net::ERR_CONNECTION_REFUSED @ http://localhost:60632/lazy-compilation-using-javascript/esm%7C/Users/soumyachakraborty/Documents/Swarm-Code/swarm-video/node_modules/zod/index.js@javascript/esm%7C/Users/soumyachakraborty/Documents/Swarm-Code/swarm-video/node_modules/zod/v3/index.js@javascript/esm%7C/Users/soumyachakraborty/Documents/Swarm-Code/swarm-video/node_modules/_remotion/zod-types/dist/esm/index.mjs:0
[ 3544456ms] [ERROR] Failed to load resource: net::ERR_CONNECTION_REFUSED @ http://localhost:60632/lazy-compilation-using-javascript/esm%7C/Users/soumyachakraborty/Documents/Swarm-Code/swarm-video/node_modules/zod/index.js@javascript/esm%7C/Users/soumyachakraborty/Documents/Swarm-Code/swarm-video/node_modules/zod/v3/index.js@javascript/esm%7C/Users/soumyachakraborty/Documents/Swarm-Code/swarm-video/node_modules/_remotion/zod-types/dist/esm/index.mjs:0
[ 3547458ms] [ERROR] Failed to load resource: net::ERR_CONNECTION_REFUSED @ http://localhost:60632/lazy-compilation-using-javascript/esm%7C/Users/soumyachakraborty/Documents/Swarm-Code/swarm-video/node_modules/zod/index.js@javascript/esm%7C/Users/soumyachakraborty/Documents/Swarm-Code/swarm-video/node_modules/zod/v3/index.js@javascript/esm%7C/Users/soumyachakraborty/Documents/Swarm-Code/swarm-video/node_modules/_remotion/zod-types/dist/esm/index.mjs:0
[ 3550460ms] [ERROR] Failed to load resource: net::ERR_CONNECTION_REFUSED @ http://localhost:60632/lazy-compilation-using-javascript/esm%7C/Users/soumyachakraborty/Documents/Swarm-Code/swarm-video/node_modules/zod/index.js@javascript/esm%7C/Users/soumyachakraborty/Documents/Swarm-Code/swarm-video/node_modules/zod/v3/index.js@javascript/esm%7C/Users/soumyachakraborty/Documents/Swarm-Code/swarm-video/node_modules/_remotion/zod-types/dist/esm/index.mjs:0
[ 3553462ms] [ERROR] Failed to load resource: net::ERR_CONNECTION_REFUSED @ http://localhost:60632/lazy-compilation-using-javascript/esm%7C/Users/soumyachakraborty/Documents/Swarm-Code/swarm-video/node_modules/zod/index.js@javascript/esm%7C/Users/soumyachakraborty/Documents/Swarm-Code/swarm-video/node_modules/zod/v3/index.js@javascript/esm%7C/Users/soumyachakraborty/Documents/Swarm-Code/swarm-video/node_modules/_remotion/zod-types/dist/esm/index.mjs:0
[ 3556464ms] [ERROR] Failed to load resource: net::ERR_CONNECTION_REFUSED @ http://localhost:60632/lazy-compilation-using-javascript/esm%7C/Users/soumyachakraborty/Documents/Swarm-Code/swarm-video/node_modules/zod/index.js@javascript/esm%7C/Users/soumyachakraborty/Documents/Swarm-Code/swarm-video/node_modules/zod/v3/index.js@javascript/esm%7C/Users/soumyachakraborty/Documents/Swarm-Code/swarm-video/node_modules/_remotion/zod-types/dist/esm/index.mjs:0
[ 3559465ms] [ERROR] Failed to load resource: net::ERR_CONNECTION_REFUSED @ http://localhost:60632/lazy-compilation-using-javascript/esm%7C/Users/soumyachakraborty/Documents/Swarm-Code/swarm-video/node_modules/zod/index.js@javascript/esm%7C/Users/soumyachakraborty/Documents/Swarm-Code/swarm-video/node_modules/zod/v3/index.js@javascript/esm%7C/Users/soumyachakraborty/Documents/Swarm-Code/swarm-video/node_modules/_remotion/zod-types/dist/esm/index.mjs:0
[ 3562466ms] [ERROR] Failed to load resource: net::ERR_CONNECTION_REFUSED @ http://localhost:60632/lazy-compilation-using-javascript/esm%7C/Users/soumyachakraborty/Documents/Swarm-Code/swarm-video/node_modules/zod/index.js@javascript/esm%7C/Users/soumyachakraborty/Documents/Swarm-Code/swarm-video/node_modules/zod/v3/index.js@javascript/esm%7C/Users/soumyachakraborty/Documents/Swarm-Code/swarm-video/node_modules/_remotion/zod-types/dist/esm/index.mjs:0
[ 3565468ms] [ERROR] Failed to load resource: net::ERR_CONNECTION_REFUSED @ http://localhost:60632/lazy-compilation-using-javascript/esm%7C/Users/soumyachakraborty/Documents/Swarm-Code/swarm-video/node_modules/zod/index.js@javascript/esm%7C/Users/soumyachakraborty/Documents/Swarm-Code/swarm-video/node_modules/zod/v3/index.js@javascript/esm%7C/Users/soumyachakraborty/Documents/Swarm-Code/swarm-video/node_modules/_remotion/zod-types/dist/esm/index.mjs:0
[ 3568469ms] [ERROR] Failed to load resource: net::ERR_CONNECTION_REFUSED @ http://localhost:60632/lazy-compilation-using-javascript/esm%7C/Users/soumyachakraborty/Documents/Swarm-Code/swarm-video/node_modules/zod/index.js@javascript/esm%7C/Users/soumyachakraborty/Documents/Swarm-Code/swarm-video/node_modules/zod/v3/index.js@javascript/esm%7C/Users/soumyachakraborty/Documents/Swarm-Code/swarm-video/node_modules/_remotion/zod-types/dist/esm/index.mjs:0
[ 3571471ms] [ERROR] Failed to load resource: net::ERR_CONNECTION_REFUSED @ http://localhost:60632/lazy-compilation-using-javascript/esm%7C/Users/soumyachakraborty/Documents/Swarm-Code/swarm-video/node_modules/zod/index.js@javascript/esm%7C/Users/soumyachakraborty/Documents/Swarm-Code/swarm-video/node_modules/zod/v3/index.js@javascript/esm%7C/Users/soumyachakraborty/Documents/Swarm-Code/swarm-video/node_modules/_remotion/zod-types/dist/esm/index.mjs:0
[ 3574474ms] [ERROR] Failed to load resource: net::ERR_CONNECTION_REFUSED @ http://localhost:60632/lazy-compilation-using-javascript/esm%7C/Users/soumyachakraborty/Documents/Swarm-Code/swarm-video/node_modules/zod/index.js@javascript/esm%7C/Users/soumyachakraborty/Documents/Swarm-Code/swarm-video/node_modules/zod/v3/index.js@javascript/esm%7C/Users/soumyachakraborty/Documents/Swarm-Code/swarm-video/node_modules/_remotion/zod-types/dist/esm/index.mjs:0
[ 3577476ms] [ERROR] Failed to load resource: net::ERR_CONNECTION_REFUSED @ http://localhost:60632/lazy-compilation-using-javascript/esm%7C/Users/soumyachakraborty/Documents/Swarm-Code/swarm-video/node_modules/zod/index.js@javascript/esm%7C/Users/soumyachakraborty/Documents/Swarm-Code/swarm-video/node_modules/zod/v3/index.js@javascript/esm%7C/Users/soumyachakraborty/Documents/Swarm-Code/swarm-video/node_modules/_remotion/zod-types/dist/esm/index.mjs:0
[ 3580478ms] [ERROR] Failed to load resource: net::ERR_CONNECTION_REFUSED @ http://localhost:60632/lazy-compilation-using-javascript/esm%7C/Users/soumyachakraborty/Documents/Swarm-Code/swarm-video/node_modules/zod/index.js@javascript/esm%7C/Users/soumyachakraborty/Documents/Swarm-Code/swarm-video/node_modules/zod/v3/index.js@javascript/esm%7C/Users/soumyachakraborty/Documents/Swarm-Code/swarm-video/node_modules/_remotion/zod-types/dist/esm/index.mjs:0
[ 3583481ms] [ERROR] Failed to load resource: net::ERR_CONNECTION_REFUSED @ http://localhost:60632/lazy-compilation-using-javascript/esm%7C/Users/soumyachakraborty/Documents/Swarm-Code/swarm-video/node_modules/zod/index.js@javascript/esm%7C/Users/soumyachakraborty/Documents/Swarm-Code/swarm-video/node_modules/zod/v3/index.js@javascript/esm%7C/Users/soumyachakraborty/Documents/Swarm-Code/swarm-video/node_modules/_remotion/zod-types/dist/esm/index.mjs:0
[ 3586482ms] [ERROR] Failed to load resource: net::ERR_CONNECTION_REFUSED @ http://localhost:60632/lazy-compilation-using-javascript/esm%7C/Users/soumyachakraborty/Documents/Swarm-Code/swarm-video/node_modules/zod/index.js@javascript/esm%7C/Users/soumyachakraborty/Documents/Swarm-Code/swarm-video/node_modules/zod/v3/index.js@javascript/esm%7C/Users/soumyachakraborty/Documents/Swarm-Code/swarm-video/node_modules/_remotion/zod-types/dist/esm/index.mjs:0
[ 3589483ms] [ERROR] Failed to load resource: net::ERR_CONNECTION_REFUSED @ http://localhost:60632/lazy-compilation-using-javascript/esm%7C/Users/soumyachakraborty/Documents/Swarm-Code/swarm-video/node_modules/zod/index.js@javascript/esm%7C/Users/soumyachakraborty/Documents/Swarm-Code/swarm-video/node_modules/zod/v3/index.js@javascript/esm%7C/Users/soumyachakraborty/Documents/Swarm-Code/swarm-video/node_modules/_remotion/zod-types/dist/esm/index.mjs:0
[ 3592485ms] [ERROR] Failed to load resource: net::ERR_CONNECTION_REFUSED @ http://localhost:60632/lazy-compilation-using-javascript/esm%7C/Users/soumyachakraborty/Documents/Swarm-Code/swarm-video/node_modules/zod/index.js@javascript/esm%7C/Users/soumyachakraborty/Documents/Swarm-Code/swarm-video/node_modules/zod/v3/index.js@javascript/esm%7C/Users/soumyachakraborty/Documents/Swarm-Code/swarm-video/node_modules/_remotion/zod-types/dist/esm/index.mjs:0
[ 3595487ms] [ERROR] Failed to load resource: net::ERR_CONNECTION_REFUSED @ http://localhost:60632/lazy-compilation-using-javascript/esm%7C/Users/soumyachakraborty/Documents/Swarm-Code/swarm-video/node_modules/zod/index.js@javascript/esm%7C/Users/soumyachakraborty/Documents/Swarm-Code/swarm-video/node_modules/zod/v3/index.js@javascript/esm%7C/Users/soumyachakraborty/Documents/Swarm-Code/swarm-video/node_modules/_remotion/zod-types/dist/esm/index.mjs:0
[ 3598488ms] [ERROR] Failed to load resource: net::ERR_CONNECTION_REFUSED @ http://localhost:60632/lazy-compilation-using-javascript/esm%7C/Users/soumyachakraborty/Documents/Swarm-Code/swarm-video/node_modules/zod/index.js@javascript/esm%7C/Users/soumyachakraborty/Documents/Swarm-Code/swarm-video/node_modules/zod/v3/index.js@javascript/esm%7C/Users/soumyachakraborty/Documents/Swarm-Code/swarm-video/node_modules/_remotion/zod-types/dist/esm/index.mjs:0
[ 3601490ms] [ERROR] Failed to load resource: net::ERR_CONNECTION_REFUSED @ http://localhost:60632/lazy-compilation-using-javascript/esm%7C/Users/soumyachakraborty/Documents/Swarm-Code/swarm-video/node_modules/zod/index.js@javascript/esm%7C/Users/soumyachakraborty/Documents/Swarm-Code/swarm-video/node_modules/zod/v3/index.js@javascript/esm%7C/Users/soumyachakraborty/Documents/Swarm-Code/swarm-video/node_modules/_remotion/zod-types/dist/esm/index.mjs:0
[ 3604492ms] [ERROR] Failed to load resource: net::ERR_CONNECTION_REFUSED @ http://localhost:60632/lazy-compilation-using-javascript/esm%7C/Users/soumyachakraborty/Documents/Swarm-Code/swarm-video/node_modules/zod/index.js@javascript/esm%7C/Users/soumyachakraborty/Documents/Swarm-Code/swarm-video/node_modules/zod/v3/index.js@javascript/esm%7C/Users/soumyachakraborty/Documents/Swarm-Code/swarm-video/node_modules/_remotion/zod-types/dist/esm/index.mjs:0
[ 3607493ms] [ERROR] Failed to load resource: net::ERR_CONNECTION_REFUSED @ http://localhost:60632/lazy-compilation-using-javascript/esm%7C/Users/soumyachakraborty/Documents/Swarm-Code/swarm-video/node_modules/zod/index.js@javascript/esm%7C/Users/soumyachakraborty/Documents/Swarm-Code/swarm-video/node_modules/zod/v3/index.js@javascript/esm%7C/Users/soumyachakraborty/Documents/Swarm-Code/swarm-video/node_modules/_remotion/zod-types/dist/esm/index.mjs:0
[ 3610496ms] [ERROR] Failed to load resource: net::ERR_CONNECTION_REFUSED @ http://localhost:60632/lazy-compilation-using-javascript/esm%7C/Users/soumyachakraborty/Documents/Swarm-Code/swarm-video/node_modules/zod/index.js@javascript/esm%7C/Users/soumyachakraborty/Documents/Swarm-Code/swarm-video/node_modules/zod/v3/index.js@javascript/esm%7C/Users/soumyachakraborty/Documents/Swarm-Code/swarm-video/node_modules/_remotion/zod-types/dist/esm/index.mjs:0
[ 3613498ms] [ERROR] Failed to load resource: net::ERR_CONNECTION_REFUSED @ http://localhost:60632/lazy-compilation-using-javascript/esm%7C/Users/soumyachakraborty/Documents/Swarm-Code/swarm-video/node_modules/zod/index.js@javascript/esm%7C/Users/soumyachakraborty/Documents/Swarm-Code/swarm-video/node_modules/zod/v3/index.js@javascript/esm%7C/Users/soumyachakraborty/Documents/Swarm-Code/swarm-video/node_modules/_remotion/zod-types/dist/esm/index.mjs:0
[ 3616499ms] [ERROR] Failed to load resource: net::ERR_CONNECTION_REFUSED @ http://localhost:60632/lazy-compilation-using-javascript/esm%7C/Users/soumyachakraborty/Documents/Swarm-Code/swarm-video/node_modules/zod/index.js@javascript/esm%7C/Users/soumyachakraborty/Documents/Swarm-Code/swarm-video/node_modules/zod/v3/index.js@javascript/esm%7C/Users/soumyachakraborty/Documents/Swarm-Code/swarm-video/node_modules/_remotion/zod-types/dist/esm/index.mjs:0
[ 3619500ms] [ERROR] Failed to load resource: net::ERR_CONNECTION_REFUSED @ http://localhost:60632/lazy-compilation-using-javascript/esm%7C/Users/soumyachakraborty/Documents/Swarm-Code/swarm-video/node_modules/zod/index.js@javascript/esm%7C/Users/soumyachakraborty/Documents/Swarm-Code/swarm-video/node_modules/zod/v3/index.js@javascript/esm%7C/Users/soumyachakraborty/Documents/Swarm-Code/swarm-video/node_modules/_remotion/zod-types/dist/esm/index.mjs:0
[ 3622501ms] [ERROR] Failed to load resource: net::ERR_CONNECTION_REFUSED @ http://localhost:60632/lazy-compilation-using-javascript/esm%7C/Users/soumyachakraborty/Documents/Swarm-Code/swarm-video/node_modules/zod/index.js@javascript/esm%7C/Users/soumyachakraborty/Documents/Swarm-Code/swarm-video/node_modules/zod/v3/index.js@javascript/esm%7C/Users/soumyachakraborty/Documents/Swarm-Code/swarm-video/node_modules/_remotion/zod-types/dist/esm/index.mjs:0
[ 3625503ms] [ERROR] Failed to load resource: net::ERR_CONNECTION_REFUSED @ http://localhost:60632/lazy-compilation-using-javascript/esm%7C/Users/soumyachakraborty/Documents/Swarm-Code/swarm-video/node_modules/zod/index.js@javascript/esm%7C/Users/soumyachakraborty/Documents/Swarm-Code/swarm-video/node_modules/zod/v3/index.js@javascript/esm%7C/Users/soumyachakraborty/Documents/Swarm-Code/swarm-video/node_modules/_remotion/zod-types/dist/esm/index.mjs:0
[ 3628506ms] [ERROR] Failed to load resource: net::ERR_CONNECTION_REFUSED @ http://localhost:60632/lazy-compilation-using-javascript/esm%7C/Users/soumyachakraborty/Documents/Swarm-Code/swarm-video/node_modules/zod/index.js@javascript/esm%7C/Users/soumyachakraborty/Documents/Swarm-Code/swarm-video/node_modules/zod/v3/index.js@javascript/esm%7C/Users/soumyachakraborty/Documents/Swarm-Code/swarm-video/node_modules/_remotion/zod-types/dist/esm/index.mjs:0
[ 3631508ms] [ERROR] Failed to load resource: net::ERR_CONNECTION_REFUSED @ http://localhost:60632/lazy-compilation-using-javascript/esm%7C/Users/soumyachakraborty/Documents/Swarm-Code/swarm-video/node_modules/zod/index.js@javascript/esm%7C/Users/soumyachakraborty/Documents/Swarm-Code/swarm-video/node_modules/zod/v3/index.js@javascript/esm%7C/Users/soumyachakraborty/Documents/Swarm-Code/swarm-video/node_modules/_remotion/zod-types/dist/esm/index.mjs:0
[ 3634511ms] [ERROR] Failed to load resource: net::ERR_CONNECTION_REFUSED @ http://localhost:60632/lazy-compilation-using-javascript/esm%7C/Users/soumyachakraborty/Documents/Swarm-Code/swarm-video/node_modules/zod/index.js@javascript/esm%7C/Users/soumyachakraborty/Documents/Swarm-Code/swarm-video/node_modules/zod/v3/index.js@javascript/esm%7C/Users/soumyachakraborty/Documents/Swarm-Code/swarm-video/node_modules/_remotion/zod-types/dist/esm/index.mjs:0
[ 3637513ms] [ERROR] Failed to load resource: net::ERR_CONNECTION_REFUSED @ http://localhost:60632/lazy-compilation-using-javascript/esm%7C/Users/soumyachakraborty/Documents/Swarm-Code/swarm-video/node_modules/zod/index.js@javascript/esm%7C/Users/soumyachakraborty/Documents/Swarm-Code/swarm-video/node_modules/zod/v3/index.js@javascript/esm%7C/Users/soumyachakraborty/Documents/Swarm-Code/swarm-video/node_modules/_remotion/zod-types/dist/esm/index.mjs:0
[ 3640515ms] [ERROR] Failed to load resource: net::ERR_CONNECTION_REFUSED @ http://localhost:60632/lazy-compilation-using-javascript/esm%7C/Users/soumyachakraborty/Documents/Swarm-Code/swarm-video/node_modules/zod/index.js@javascript/esm%7C/Users/soumyachakraborty/Documents/Swarm-Code/swarm-video/node_modules/zod/v3/index.js@javascript/esm%7C/Users/soumyachakraborty/Documents/Swarm-Code/swarm-video/node_modules/_remotion/zod-types/dist/esm/index.mjs:0
[ 3643516ms] [ERROR] Failed to load resource: net::ERR_CONNECTION_REFUSED @ http://localhost:60632/lazy-compilation-using-javascript/esm%7C/Users/soumyachakraborty/Documents/Swarm-Code/swarm-video/node_modules/zod/index.js@javascript/esm%7C/Users/soumyachakraborty/Documents/Swarm-Code/swarm-video/node_modules/zod/v3/index.js@javascript/esm%7C/Users/soumyachakraborty/Documents/Swarm-Code/swarm-video/node_modules/_remotion/zod-types/dist/esm/index.mjs:0
[ 3646518ms] [ERROR] Failed to load resource: net::ERR_CONNECTION_REFUSED @ http://localhost:60632/lazy-compilation-using-javascript/esm%7C/Users/soumyachakraborty/Documents/Swarm-Code/swarm-video/node_modules/zod/index.js@javascript/esm%7C/Users/soumyachakraborty/Documents/Swarm-Code/swarm-video/node_modules/zod/v3/index.js@javascript/esm%7C/Users/soumyachakraborty/Documents/Swarm-Code/swarm-video/node_modules/_remotion/zod-types/dist/esm/index.mjs:0
[ 3649520ms] [ERROR] Failed to load resource: net::ERR_CONNECTION_REFUSED @ http://localhost:60632/lazy-compilation-using-javascript/esm%7C/Users/soumyachakraborty/Documents/Swarm-Code/swarm-video/node_modules/zod/index.js@javascript/esm%7C/Users/soumyachakraborty/Documents/Swarm-Code/swarm-video/node_modules/zod/v3/index.js@javascript/esm%7C/Users/soumyachakraborty/Documents/Swarm-Code/swarm-video/node_modules/_remotion/zod-types/dist/esm/index.mjs:0
[ 3652522ms] [ERROR] Failed to load resource: net::ERR_CONNECTION_REFUSED @ http://localhost:60632/lazy-compilation-using-javascript/esm%7C/Users/soumyachakraborty/Documents/Swarm-Code/swarm-video/node_modules/zod/index.js@javascript/esm%7C/Users/soumyachakraborty/Documents/Swarm-Code/swarm-video/node_modules/zod/v3/index.js@javascript/esm%7C/Users/soumyachakraborty/Documents/Swarm-Code/swarm-video/node_modules/_remotion/zod-types/dist/esm/index.mjs:0
[ 3655524ms] [ERROR] Failed to load resource: net::ERR_CONNECTION_REFUSED @ http://localhost:60632/lazy-compilation-using-javascript/esm%7C/Users/soumyachakraborty/Documents/Swarm-Code/swarm-video/node_modules/zod/index.js@javascript/esm%7C/Users/soumyachakraborty/Documents/Swarm-Code/swarm-video/node_modules/zod/v3/index.js@javascript/esm%7C/Users/soumyachakraborty/Documents/Swarm-Code/swarm-video/node_modules/_remotion/zod-types/dist/esm/index.mjs:0
[ 3658527ms] [ERROR] Failed to load resource: net::ERR_CONNECTION_REFUSED @ http://localhost:60632/lazy-compilation-using-javascript/esm%7C/Users/soumyachakraborty/Documents/Swarm-Code/swarm-video/node_modules/zod/index.js@javascript/esm%7C/Users/soumyachakraborty/Documents/Swarm-Code/swarm-video/node_modules/zod/v3/index.js@javascript/esm%7C/Users/soumyachakraborty/Documents/Swarm-Code/swarm-video/node_modules/_remotion/zod-types/dist/esm/index.mjs:0
[ 3661529ms] [ERROR] Failed to load resource: net::ERR_CONNECTION_REFUSED @ http://localhost:60632/lazy-compilation-using-javascript/esm%7C/Users/soumyachakraborty/Documents/Swarm-Code/swarm-video/node_modules/zod/index.js@javascript/esm%7C/Users/soumyachakraborty/Documents/Swarm-Code/swarm-video/node_modules/zod/v3/index.js@javascript/esm%7C/Users/soumyachakraborty/Documents/Swarm-Code/swarm-video/node_modules/_remotion/zod-types/dist/esm/index.mjs:0
[ 3664531ms] [ERROR] Failed to load resource: net::ERR_CONNECTION_REFUSED @ http://localhost:60632/lazy-compilation-using-javascript/esm%7C/Users/soumyachakraborty/Documents/Swarm-Code/swarm-video/node_modules/zod/index.js@javascript/esm%7C/Users/soumyachakraborty/Documents/Swarm-Code/swarm-video/node_modules/zod/v3/index.js@javascript/esm%7C/Users/soumyachakraborty/Documents/Swarm-Code/swarm-video/node_modules/_remotion/zod-types/dist/esm/index.mjs:0
[ 3667533ms] [ERROR] Failed to load resource: net::ERR_CONNECTION_REFUSED @ http://localhost:60632/lazy-compilation-using-javascript/esm%7C/Users/soumyachakraborty/Documents/Swarm-Code/swarm-video/node_modules/zod/index.js@javascript/esm%7C/Users/soumyachakraborty/Documents/Swarm-Code/swarm-video/node_modules/zod/v3/index.js@javascript/esm%7C/Users/soumyachakraborty/Documents/Swarm-Code/swarm-video/node_modules/_remotion/zod-types/dist/esm/index.mjs:0
[ 3670534ms] [ERROR] Failed to load resource: net::ERR_CONNECTION_REFUSED @ http://localhost:60632/lazy-compilation-using-javascript/esm%7C/Users/soumyachakraborty/Documents/Swarm-Code/swarm-video/node_modules/zod/index.js@javascript/esm%7C/Users/soumyachakraborty/Documents/Swarm-Code/swarm-video/node_modules/zod/v3/index.js@javascript/esm%7C/Users/soumyachakraborty/Documents/Swarm-Code/swarm-video/node_modules/_remotion/zod-types/dist/esm/index.mjs:0
[ 3673535ms] [ERROR] Failed to load resource: net::ERR_CONNECTION_REFUSED @ http://localhost:60632/lazy-compilation-using-javascript/esm%7C/Users/soumyachakraborty/Documents/Swarm-Code/swarm-video/node_modules/zod/index.js@javascript/esm%7C/Users/soumyachakraborty/Documents/Swarm-Code/swarm-video/node_modules/zod/v3/index.js@javascript/esm%7C/Users/soumyachakraborty/Documents/Swarm-Code/swarm-video/node_modules/_remotion/zod-types/dist/esm/index.mjs:0
[ 3676536ms] [ERROR] Failed to load resource: net::ERR_CONNECTION_REFUSED @ http://localhost:60632/lazy-compilation-using-javascript/esm%7C/Users/soumyachakraborty/Documents/Swarm-Code/swarm-video/node_modules/zod/index.js@javascript/esm%7C/Users/soumyachakraborty/Documents/Swarm-Code/swarm-video/node_modules/zod/v3/index.js@javascript/esm%7C/Users/soumyachakraborty/Documents/Swarm-Code/swarm-video/node_modules/_remotion/zod-types/dist/esm/index.mjs:0
[ 3679538ms] [ERROR] Failed to load resource: net::ERR_CONNECTION_REFUSED @ http://localhost:60632/lazy-compilation-using-javascript/esm%7C/Users/soumyachakraborty/Documents/Swarm-Code/swarm-video/node_modules/zod/index.js@javascript/esm%7C/Users/soumyachakraborty/Documents/Swarm-Code/swarm-video/node_modules/zod/v3/index.js@javascript/esm%7C/Users/soumyachakraborty/Documents/Swarm-Code/swarm-video/node_modules/_remotion/zod-types/dist/esm/index.mjs:0
[ 3682541ms] [ERROR] Failed to load resource: net::ERR_CONNECTION_REFUSED @ http://localhost:60632/lazy-compilation-using-javascript/esm%7C/Users/soumyachakraborty/Documents/Swarm-Code/swarm-video/node_modules/zod/index.js@javascript/esm%7C/Users/soumyachakraborty/Documents/Swarm-Code/swarm-video/node_modules/zod/v3/index.js@javascript/esm%7C/Users/soumyachakraborty/Documents/Swarm-Code/swarm-video/node_modules/_remotion/zod-types/dist/esm/index.mjs:0
[ 3685543ms] [ERROR] Failed to load resource: net::ERR_CONNECTION_REFUSED @ http://localhost:60632/lazy-compilation-using-javascript/esm%7C/Users/soumyachakraborty/Documents/Swarm-Code/swarm-video/node_modules/zod/index.js@javascript/esm%7C/Users/soumyachakraborty/Documents/Swarm-Code/swarm-video/node_modules/zod/v3/index.js@javascript/esm%7C/Users/soumyachakraborty/Documents/Swarm-Code/swarm-video/node_modules/_remotion/zod-types/dist/esm/index.mjs:0
[ 3688545ms] [ERROR] Failed to load resource: net::ERR_CONNECTION_REFUSED @ http://localhost:60632/lazy-compilation-using-javascript/esm%7C/Users/soumyachakraborty/Documents/Swarm-Code/swarm-video/node_modules/zod/index.js@javascript/esm%7C/Users/soumyachakraborty/Documents/Swarm-Code/swarm-video/node_modules/zod/v3/index.js@javascript/esm%7C/Users/soumyachakraborty/Documents/Swarm-Code/swarm-video/node_modules/_remotion/zod-types/dist/esm/index.mjs:0
[ 3691546ms] [ERROR] Failed to load resource: net::ERR_CONNECTION_REFUSED @ http://localhost:60632/lazy-compilation-using-javascript/esm%7C/Users/soumyachakraborty/Documents/Swarm-Code/swarm-video/node_modules/zod/index.js@javascript/esm%7C/Users/soumyachakraborty/Documents/Swarm-Code/swarm-video/node_modules/zod/v3/index.js@javascript/esm%7C/Users/soumyachakraborty/Documents/Swarm-Code/swarm-video/node_modules/_remotion/zod-types/dist/esm/index.mjs:0
[ 3694547ms] [ERROR] Failed to load resource: net::ERR_CONNECTION_REFUSED @ http://localhost:60632/lazy-compilation-using-javascript/esm%7C/Users/soumyachakraborty/Documents/Swarm-Code/swarm-video/node_modules/zod/index.js@javascript/esm%7C/Users/soumyachakraborty/Documents/Swarm-Code/swarm-video/node_modules/zod/v3/index.js@javascript/esm%7C/Users/soumyachakraborty/Documents/Swarm-Code/swarm-video/node_modules/_remotion/zod-types/dist/esm/index.mjs:0
[ 3697549ms] [ERROR] Failed to load resource: net::ERR_CONNECTION_REFUSED @ http://localhost:60632/lazy-compilation-using-javascript/esm%7C/Users/soumyachakraborty/Documents/Swarm-Code/swarm-video/node_modules/zod/index.js@javascript/esm%7C/Users/soumyachakraborty/Documents/Swarm-Code/swarm-video/node_modules/zod/v3/index.js@javascript/esm%7C/Users/soumyachakraborty/Documents/Swarm-Code/swarm-video/node_modules/_remotion/zod-types/dist/esm/index.mjs:0
[ 3700551ms] [ERROR] Failed to load resource: net::ERR_CONNECTION_REFUSED @ http://localhost:60632/lazy-compilation-using-javascript/esm%7C/Users/soumyachakraborty/Documents/Swarm-Code/swarm-video/node_modules/zod/index.js@javascript/esm%7C/Users/soumyachakraborty/Documents/Swarm-Code/swarm-video/node_modules/zod/v3/index.js@javascript/esm%7C/Users/soumyachakraborty/Documents/Swarm-Code/swarm-video/node_modules/_remotion/zod-types/dist/esm/index.mjs:0
[ 3703552ms] [ERROR] Failed to load resource: net::ERR_CONNECTION_REFUSED @ http://localhost:60632/lazy-compilation-using-javascript/esm%7C/Users/soumyachakraborty/Documents/Swarm-Code/swarm-video/node_modules/zod/index.js@javascript/esm%7C/Users/soumyachakraborty/Documents/Swarm-Code/swarm-video/node_modules/zod/v3/index.js@javascript/esm%7C/Users/soumyachakraborty/Documents/Swarm-Code/swarm-video/node_modules/_remotion/zod-types/dist/esm/index.mjs:0
[ 3706554ms] [ERROR] Failed to load resource: net::ERR_CONNECTION_REFUSED @ http://localhost:60632/lazy-compilation-using-javascript/esm%7C/Users/soumyachakraborty/Documents/Swarm-Code/swarm-video/node_modules/zod/index.js@javascript/esm%7C/Users/soumyachakraborty/Documents/Swarm-Code/swarm-video/node_modules/zod/v3/index.js@javascript/esm%7C/Users/soumyachakraborty/Documents/Swarm-Code/swarm-video/node_modules/_remotion/zod-types/dist/esm/index.mjs:0
[ 3709556ms] [ERROR] Failed to load resource: net::ERR_CONNECTION_REFUSED @ http://localhost:60632/lazy-compilation-using-javascript/esm%7C/Users/soumyachakraborty/Documents/Swarm-Code/swarm-video/node_modules/zod/index.js@javascript/esm%7C/Users/soumyachakraborty/Documents/Swarm-Code/swarm-video/node_modules/zod/v3/index.js@javascript/esm%7C/Users/soumyachakraborty/Documents/Swarm-Code/swarm-video/node_modules/_remotion/zod-types/dist/esm/index.mjs:0
[ 3712559ms] [ERROR] Failed to load resource: net::ERR_CONNECTION_REFUSED @ http://localhost:60632/lazy-compilation-using-javascript/esm%7C/Users/soumyachakraborty/Documents/Swarm-Code/swarm-video/node_modules/zod/index.js@javascript/esm%7C/Users/soumyachakraborty/Documents/Swarm-Code/swarm-video/node_modules/zod/v3/index.js@javascript/esm%7C/Users/soumyachakraborty/Documents/Swarm-Code/swarm-video/node_modules/_remotion/zod-types/dist/esm/index.mjs:0
[ 3715561ms] [ERROR] Failed to load resource: net::ERR_CONNECTION_REFUSED @ http://localhost:60632/lazy-compilation-using-javascript/esm%7C/Users/soumyachakraborty/Documents/Swarm-Code/swarm-video/node_modules/zod/index.js@javascript/esm%7C/Users/soumyachakraborty/Documents/Swarm-Code/swarm-video/node_modules/zod/v3/index.js@javascript/esm%7C/Users/soumyachakraborty/Documents/Swarm-Code/swarm-video/node_modules/_remotion/zod-types/dist/esm/index.mjs:0
[ 3718563ms] [ERROR] Failed to load resource: net::ERR_CONNECTION_REFUSED @ http://localhost:60632/lazy-compilation-using-javascript/esm%7C/Users/soumyachakraborty/Documents/Swarm-Code/swarm-video/node_modules/zod/index.js@javascript/esm%7C/Users/soumyachakraborty/Documents/Swarm-Code/swarm-video/node_modules/zod/v3/index.js@javascript/esm%7C/Users/soumyachakraborty/Documents/Swarm-Code/swarm-video/node_modules/_remotion/zod-types/dist/esm/index.mjs:0
[ 3721565ms] [ERROR] Failed to load resource: net::ERR_CONNECTION_REFUSED @ http://localhost:60632/lazy-compilation-using-javascript/esm%7C/Users/soumyachakraborty/Documents/Swarm-Code/swarm-video/node_modules/zod/index.js@javascript/esm%7C/Users/soumyachakraborty/Documents/Swarm-Code/swarm-video/node_modules/zod/v3/index.js@javascript/esm%7C/Users/soumyachakraborty/Documents/Swarm-Code/swarm-video/node_modules/_remotion/zod-types/dist/esm/index.mjs:0
[ 3724566ms] [ERROR] Failed to load resource: net::ERR_CONNECTION_REFUSED @ http://localhost:60632/lazy-compilation-using-javascript/esm%7C/Users/soumyachakraborty/Documents/Swarm-Code/swarm-video/node_modules/zod/index.js@javascript/esm%7C/Users/soumyachakraborty/Documents/Swarm-Code/swarm-video/node_modules/zod/v3/index.js@javascript/esm%7C/Users/soumyachakraborty/Documents/Swarm-Code/swarm-video/node_modules/_remotion/zod-types/dist/esm/index.mjs:0
[ 3727567ms] [ERROR] Failed to load resource: net::ERR_CONNECTION_REFUSED @ http://localhost:60632/lazy-compilation-using-javascript/esm%7C/Users/soumyachakraborty/Documents/Swarm-Code/swarm-video/node_modules/zod/index.js@javascript/esm%7C/Users/soumyachakraborty/Documents/Swarm-Code/swarm-video/node_modules/zod/v3/index.js@javascript/esm%7C/Users/soumyachakraborty/Documents/Swarm-Code/swarm-video/node_modules/_remotion/zod-types/dist/esm/index.mjs:0
[ 3730568ms] [ERROR] Failed to load resource: net::ERR_CONNECTION_REFUSED @ http://localhost:60632/lazy-compilation-using-javascript/esm%7C/Users/soumyachakraborty/Documents/Swarm-Code/swarm-video/node_modules/zod/index.js@javascript/esm%7C/Users/soumyachakraborty/Documents/Swarm-Code/swarm-video/node_modules/zod/v3/index.js@javascript/esm%7C/Users/soumyachakraborty/Documents/Swarm-Code/swarm-video/node_modules/_remotion/zod-types/dist/esm/index.mjs:0
[ 3733571ms] [ERROR] Failed to load resource: net::ERR_CONNECTION_REFUSED @ http://localhost:60632/lazy-compilation-using-javascript/esm%7C/Users/soumyachakraborty/Documents/Swarm-Code/swarm-video/node_modules/zod/index.js@javascript/esm%7C/Users/soumyachakraborty/Documents/Swarm-Code/swarm-video/node_modules/zod/v3/index.js@javascript/esm%7C/Users/soumyachakraborty/Documents/Swarm-Code/swarm-video/node_modules/_remotion/zod-types/dist/esm/index.mjs:0
[ 3736573ms] [ERROR] Failed to load resource: net::ERR_CONNECTION_REFUSED @ http://localhost:60632/lazy-compilation-using-javascript/esm%7C/Users/soumyachakraborty/Documents/Swarm-Code/swarm-video/node_modules/zod/index.js@javascript/esm%7C/Users/soumyachakraborty/Documents/Swarm-Code/swarm-video/node_modules/zod/v3/index.js@javascript/esm%7C/Users/soumyachakraborty/Documents/Swarm-Code/swarm-video/node_modules/_remotion/zod-types/dist/esm/index.mjs:0
[ 3739575ms] [ERROR] Failed to load resource: net::ERR_CONNECTION_REFUSED @ http://localhost:60632/lazy-compilation-using-javascript/esm%7C/Users/soumyachakraborty/Documents/Swarm-Code/swarm-video/node_modules/zod/index.js@javascript/esm%7C/Users/soumyachakraborty/Documents/Swarm-Code/swarm-video/node_modules/zod/v3/index.js@javascript/esm%7C/Users/soumyachakraborty/Documents/Swarm-Code/swarm-video/node_modules/_remotion/zod-types/dist/esm/index.mjs:0
[ 3742577ms] [ERROR] Failed to load resource: net::ERR_CONNECTION_REFUSED @ http://localhost:60632/lazy-compilation-using-javascript/esm%7C/Users/soumyachakraborty/Documents/Swarm-Code/swarm-video/node_modules/zod/index.js@javascript/esm%7C/Users/soumyachakraborty/Documents/Swarm-Code/swarm-video/node_modules/zod/v3/index.js@javascript/esm%7C/Users/soumyachakraborty/Documents/Swarm-Code/swarm-video/node_modules/_remotion/zod-types/dist/esm/index.mjs:0
[ 3745580ms] [ERROR] Failed to load resource: net::ERR_CONNECTION_REFUSED @ http://localhost:60632/lazy-compilation-using-javascript/esm%7C/Users/soumyachakraborty/Documents/Swarm-Code/swarm-video/node_modules/zod/index.js@javascript/esm%7C/Users/soumyachakraborty/Documents/Swarm-Code/swarm-video/node_modules/zod/v3/index.js@javascript/esm%7C/Users/soumyachakraborty/Documents/Swarm-Code/swarm-video/node_modules/_remotion/zod-types/dist/esm/index.mjs:0
[ 3748582ms] [ERROR] Failed to load resource: net::ERR_CONNECTION_REFUSED @ http://localhost:60632/lazy-compilation-using-javascript/esm%7C/Users/soumyachakraborty/Documents/Swarm-Code/swarm-video/node_modules/zod/index.js@javascript/esm%7C/Users/soumyachakraborty/Documents/Swarm-Code/swarm-video/node_modules/zod/v3/index.js@javascript/esm%7C/Users/soumyachakraborty/Documents/Swarm-Code/swarm-video/node_modules/_remotion/zod-types/dist/esm/index.mjs:0
[ 3751583ms] [ERROR] Failed to load resource: net::ERR_CONNECTION_REFUSED @ http://localhost:60632/lazy-compilation-using-javascript/esm%7C/Users/soumyachakraborty/Documents/Swarm-Code/swarm-video/node_modules/zod/index.js@javascript/esm%7C/Users/soumyachakraborty/Documents/Swarm-Code/swarm-video/node_modules/zod/v3/index.js@javascript/esm%7C/Users/soumyachakraborty/Documents/Swarm-Code/swarm-video/node_modules/_remotion/zod-types/dist/esm/index.mjs:0
[ 3754584ms] [ERROR] Failed to load resource: net::ERR_CONNECTION_REFUSED @ http://localhost:60632/lazy-compilation-using-javascript/esm%7C/Users/soumyachakraborty/Documents/Swarm-Code/swarm-video/node_modules/zod/index.js@javascript/esm%7C/Users/soumyachakraborty/Documents/Swarm-Code/swarm-video/node_modules/zod/v3/index.js@javascript/esm%7C/Users/soumyachakraborty/Documents/Swarm-Code/swarm-video/node_modules/_remotion/zod-types/dist/esm/index.mjs:0
[ 3757585ms] [ERROR] Failed to load resource: net::ERR_CONNECTION_REFUSED @ http://localhost:60632/lazy-compilation-using-javascript/esm%7C/Users/soumyachakraborty/Documents/Swarm-Code/swarm-video/node_modules/zod/index.js@javascript/esm%7C/Users/soumyachakraborty/Documents/Swarm-Code/swarm-video/node_modules/zod/v3/index.js@javascript/esm%7C/Users/soumyachakraborty/Documents/Swarm-Code/swarm-video/node_modules/_remotion/zod-types/dist/esm/index.mjs:0
[ 3760587ms] [ERROR] Failed to load resource: net::ERR_CONNECTION_REFUSED @ http://localhost:60632/lazy-compilation-using-javascript/esm%7C/Users/soumyachakraborty/Documents/Swarm-Code/swarm-video/node_modules/zod/index.js@javascript/esm%7C/Users/soumyachakraborty/Documents/Swarm-Code/swarm-video/node_modules/zod/v3/index.js@javascript/esm%7C/Users/soumyachakraborty/Documents/Swarm-Code/swarm-video/node_modules/_remotion/zod-types/dist/esm/index.mjs:0
[ 3763588ms] [ERROR] Failed to load resource: net::ERR_CONNECTION_REFUSED @ http://localhost:60632/lazy-compilation-using-javascript/esm%7C/Users/soumyachakraborty/Documents/Swarm-Code/swarm-video/node_modules/zod/index.js@javascript/esm%7C/Users/soumyachakraborty/Documents/Swarm-Code/swarm-video/node_modules/zod/v3/index.js@javascript/esm%7C/Users/soumyachakraborty/Documents/Swarm-Code/swarm-video/node_modules/_remotion/zod-types/dist/esm/index.mjs:0
[ 3766590ms] [ERROR] Failed to load resource: net::ERR_CONNECTION_REFUSED @ http://localhost:60632/lazy-compilation-using-javascript/esm%7C/Users/soumyachakraborty/Documents/Swarm-Code/swarm-video/node_modules/zod/index.js@javascript/esm%7C/Users/soumyachakraborty/Documents/Swarm-Code/swarm-video/node_modules/zod/v3/index.js@javascript/esm%7C/Users/soumyachakraborty/Documents/Swarm-Code/swarm-video/node_modules/_remotion/zod-types/dist/esm/index.mjs:0
[ 3769592ms] [ERROR] Failed to load resource: net::ERR_CONNECTION_REFUSED @ http://localhost:60632/lazy-compilation-using-javascript/esm%7C/Users/soumyachakraborty/Documents/Swarm-Code/swarm-video/node_modules/zod/index.js@javascript/esm%7C/Users/soumyachakraborty/Documents/Swarm-Code/swarm-video/node_modules/zod/v3/index.js@javascript/esm%7C/Users/soumyachakraborty/Documents/Swarm-Code/swarm-video/node_modules/_remotion/zod-types/dist/esm/index.mjs:0
[ 3772593ms] [ERROR] Failed to load resource: net::ERR_CONNECTION_REFUSED @ http://localhost:60632/lazy-compilation-using-javascript/esm%7C/Users/soumyachakraborty/Documents/Swarm-Code/swarm-video/node_modules/zod/index.js@javascript/esm%7C/Users/soumyachakraborty/Documents/Swarm-Code/swarm-video/node_modules/zod/v3/index.js@javascript/esm%7C/Users/soumyachakraborty/Documents/Swarm-Code/swarm-video/node_modules/_remotion/zod-types/dist/esm/index.mjs:0
[ 3775597ms] [ERROR] Failed to load resource: net::ERR_CONNECTION_REFUSED @ http://localhost:60632/lazy-compilation-using-javascript/esm%7C/Users/soumyachakraborty/Documents/Swarm-Code/swarm-video/node_modules/zod/index.js@javascript/esm%7C/Users/soumyachakraborty/Documents/Swarm-Code/swarm-video/node_modules/zod/v3/index.js@javascript/esm%7C/Users/soumyachakraborty/Documents/Swarm-Code/swarm-video/node_modules/_remotion/zod-types/dist/esm/index.mjs:0
[ 3778598ms] [ERROR] Failed to load resource: net::ERR_CONNECTION_REFUSED @ http://localhost:60632/lazy-compilation-using-javascript/esm%7C/Users/soumyachakraborty/Documents/Swarm-Code/swarm-video/node_modules/zod/index.js@javascript/esm%7C/Users/soumyachakraborty/Documents/Swarm-Code/swarm-video/node_modules/zod/v3/index.js@javascript/esm%7C/Users/soumyachakraborty/Documents/Swarm-Code/swarm-video/node_modules/_remotion/zod-types/dist/esm/index.mjs:0
[ 3781599ms] [ERROR] Failed to load resource: net::ERR_CONNECTION_REFUSED @ http://localhost:60632/lazy-compilation-using-javascript/esm%7C/Users/soumyachakraborty/Documents/Swarm-Code/swarm-video/node_modules/zod/index.js@javascript/esm%7C/Users/soumyachakraborty/Documents/Swarm-Code/swarm-video/node_modules/zod/v3/index.js@javascript/esm%7C/Users/soumyachakraborty/Documents/Swarm-Code/swarm-video/node_modules/_remotion/zod-types/dist/esm/index.mjs:0
[ 3784603ms] [ERROR] Failed to load resource: net::ERR_CONNECTION_REFUSED @ http://localhost:60632/lazy-compilation-using-javascript/esm%7C/Users/soumyachakraborty/Documents/Swarm-Code/swarm-video/node_modules/zod/index.js@javascript/esm%7C/Users/soumyachakraborty/Documents/Swarm-Code/swarm-video/node_modules/zod/v3/index.js@javascript/esm%7C/Users/soumyachakraborty/Documents/Swarm-Code/swarm-video/node_modules/_remotion/zod-types/dist/esm/index.mjs:0
[ 3787605ms] [ERROR] Failed to load resource: net::ERR_CONNECTION_REFUSED @ http://localhost:60632/lazy-compilation-using-javascript/esm%7C/Users/soumyachakraborty/Documents/Swarm-Code/swarm-video/node_modules/zod/index.js@javascript/esm%7C/Users/soumyachakraborty/Documents/Swarm-Code/swarm-video/node_modules/zod/v3/index.js@javascript/esm%7C/Users/soumyachakraborty/Documents/Swarm-Code/swarm-video/node_modules/_remotion/zod-types/dist/esm/index.mjs:0
[ 3790606ms] [ERROR] Failed to load resource: net::ERR_CONNECTION_REFUSED @ http://localhost:60632/lazy-compilation-using-javascript/esm%7C/Users/soumyachakraborty/Documents/Swarm-Code/swarm-video/node_modules/zod/index.js@javascript/esm%7C/Users/soumyachakraborty/Documents/Swarm-Code/swarm-video/node_modules/zod/v3/index.js@javascript/esm%7C/Users/soumyachakraborty/Documents/Swarm-Code/swarm-video/node_modules/_remotion/zod-types/dist/esm/index.mjs:0
[ 3793607ms] [ERROR] Failed to load resource: net::ERR_CONNECTION_REFUSED @ http://localhost:60632/lazy-compilation-using-javascript/esm%7C/Users/soumyachakraborty/Documents/Swarm-Code/swarm-video/node_modules/zod/index.js@javascript/esm%7C/Users/soumyachakraborty/Documents/Swarm-Code/swarm-video/node_modules/zod/v3/index.js@javascript/esm%7C/Users/soumyachakraborty/Documents/Swarm-Code/swarm-video/node_modules/_remotion/zod-types/dist/esm/index.mjs:0
[ 3796608ms] [ERROR] Failed to load resource: net::ERR_CONNECTION_REFUSED @ http://localhost:60632/lazy-compilation-using-javascript/esm%7C/Users/soumyachakraborty/Documents/Swarm-Code/swarm-video/node_modules/zod/index.js@javascript/esm%7C/Users/soumyachakraborty/Documents/Swarm-Code/swarm-video/node_modules/zod/v3/index.js@javascript/esm%7C/Users/soumyachakraborty/Documents/Swarm-Code/swarm-video/node_modules/_remotion/zod-types/dist/esm/index.mjs:0
[ 3799610ms] [ERROR] Failed to load resource: net::ERR_CONNECTION_REFUSED @ http://localhost:60632/lazy-compilation-using-javascript/esm%7C/Users/soumyachakraborty/Documents/Swarm-Code/swarm-video/node_modules/zod/index.js@javascript/esm%7C/Users/soumyachakraborty/Documents/Swarm-Code/swarm-video/node_modules/zod/v3/index.js@javascript/esm%7C/Users/soumyachakraborty/Documents/Swarm-Code/swarm-video/node_modules/_remotion/zod-types/dist/esm/index.mjs:0
[ 3802612ms] [ERROR] Failed to load resource: net::ERR_CONNECTION_REFUSED @ http://localhost:60632/lazy-compilation-using-javascript/esm%7C/Users/soumyachakraborty/Documents/Swarm-Code/swarm-video/node_modules/zod/index.js@javascript/esm%7C/Users/soumyachakraborty/Documents/Swarm-Code/swarm-video/node_modules/zod/v3/index.js@javascript/esm%7C/Users/soumyachakraborty/Documents/Swarm-Code/swarm-video/node_modules/_remotion/zod-types/dist/esm/index.mjs:0
[ 3805614ms] [ERROR] Failed to load resource: net::ERR_CONNECTION_REFUSED @ http://localhost:60632/lazy-compilation-using-javascript/esm%7C/Users/soumyachakraborty/Documents/Swarm-Code/swarm-video/node_modules/zod/index.js@javascript/esm%7C/Users/soumyachakraborty/Documents/Swarm-Code/swarm-video/node_modules/zod/v3/index.js@javascript/esm%7C/Users/soumyachakraborty/Documents/Swarm-Code/swarm-video/node_modules/_remotion/zod-types/dist/esm/index.mjs:0
[ 3808615ms] [ERROR] Failed to load resource: net::ERR_CONNECTION_REFUSED @ http://localhost:60632/lazy-compilation-using-javascript/esm%7C/Users/soumyachakraborty/Documents/Swarm-Code/swarm-video/node_modules/zod/index.js@javascript/esm%7C/Users/soumyachakraborty/Documents/Swarm-Code/swarm-video/node_modules/zod/v3/index.js@javascript/esm%7C/Users/soumyachakraborty/Documents/Swarm-Code/swarm-video/node_modules/_remotion/zod-types/dist/esm/index.mjs:0
[ 3811616ms] [ERROR] Failed to load resource: net::ERR_CONNECTION_REFUSED @ http://localhost:60632/lazy-compilation-using-javascript/esm%7C/Users/soumyachakraborty/Documents/Swarm-Code/swarm-video/node_modules/zod/index.js@javascript/esm%7C/Users/soumyachakraborty/Documents/Swarm-Code/swarm-video/node_modules/zod/v3/index.js@javascript/esm%7C/Users/soumyachakraborty/Documents/Swarm-Code/swarm-video/node_modules/_remotion/zod-types/dist/esm/index.mjs:0
[ 3814617ms] [ERROR] Failed to load resource: net::ERR_CONNECTION_REFUSED @ http://localhost:60632/lazy-compilation-using-javascript/esm%7C/Users/soumyachakraborty/Documents/Swarm-Code/swarm-video/node_modules/zod/index.js@javascript/esm%7C/Users/soumyachakraborty/Documents/Swarm-Code/swarm-video/node_modules/zod/v3/index.js@javascript/esm%7C/Users/soumyachakraborty/Documents/Swarm-Code/swarm-video/node_modules/_remotion/zod-types/dist/esm/index.mjs:0
[ 3817618ms] [ERROR] Failed to load resource: net::ERR_CONNECTION_REFUSED @ http://localhost:60632/lazy-compilation-using-javascript/esm%7C/Users/soumyachakraborty/Documents/Swarm-Code/swarm-video/node_modules/zod/index.js@javascript/esm%7C/Users/soumyachakraborty/Documents/Swarm-Code/swarm-video/node_modules/zod/v3/index.js@javascript/esm%7C/Users/soumyachakraborty/Documents/Swarm-Code/swarm-video/node_modules/_remotion/zod-types/dist/esm/index.mjs:0
[ 3820621ms] [ERROR] Failed to load resource: net::ERR_CONNECTION_REFUSED @ http://localhost:60632/lazy-compilation-using-javascript/esm%7C/Users/soumyachakraborty/Documents/Swarm-Code/swarm-video/node_modules/zod/index.js@javascript/esm%7C/Users/soumyachakraborty/Documents/Swarm-Code/swarm-video/node_modules/zod/v3/index.js@javascript/esm%7C/Users/soumyachakraborty/Documents/Swarm-Code/swarm-video/node_modules/_remotion/zod-types/dist/esm/index.mjs:0
[ 3823622ms] [ERROR] Failed to load resource: net::ERR_CONNECTION_REFUSED @ http://localhost:60632/lazy-compilation-using-javascript/esm%7C/Users/soumyachakraborty/Documents/Swarm-Code/swarm-video/node_modules/zod/index.js@javascript/esm%7C/Users/soumyachakraborty/Documents/Swarm-Code/swarm-video/node_modules/zod/v3/index.js@javascript/esm%7C/Users/soumyachakraborty/Documents/Swarm-Code/swarm-video/node_modules/_remotion/zod-types/dist/esm/index.mjs:0
[ 3826624ms] [ERROR] Failed to load resource: net::ERR_CONNECTION_REFUSED @ http://localhost:60632/lazy-compilation-using-javascript/esm%7C/Users/soumyachakraborty/Documents/Swarm-Code/swarm-video/node_modules/zod/index.js@javascript/esm%7C/Users/soumyachakraborty/Documents/Swarm-Code/swarm-video/node_modules/zod/v3/index.js@javascript/esm%7C/Users/soumyachakraborty/Documents/Swarm-Code/swarm-video/node_modules/_remotion/zod-types/dist/esm/index.mjs:0
[ 3829627ms] [ERROR] Failed to load resource: net::ERR_CONNECTION_REFUSED @ http://localhost:60632/lazy-compilation-using-javascript/esm%7C/Users/soumyachakraborty/Documents/Swarm-Code/swarm-video/node_modules/zod/index.js@javascript/esm%7C/Users/soumyachakraborty/Documents/Swarm-Code/swarm-video/node_modules/zod/v3/index.js@javascript/esm%7C/Users/soumyachakraborty/Documents/Swarm-Code/swarm-video/node_modules/_remotion/zod-types/dist/esm/index.mjs:0
[ 3832629ms] [ERROR] Failed to load resource: net::ERR_CONNECTION_REFUSED @ http://localhost:60632/lazy-compilation-using-javascript/esm%7C/Users/soumyachakraborty/Documents/Swarm-Code/swarm-video/node_modules/zod/index.js@javascript/esm%7C/Users/soumyachakraborty/Documents/Swarm-Code/swarm-video/node_modules/zod/v3/index.js@javascript/esm%7C/Users/soumyachakraborty/Documents/Swarm-Code/swarm-video/node_modules/_remotion/zod-types/dist/esm/index.mjs:0
